movieId,imdbId,tmdbId
1,114709,862.0
2,113497,8844.0
3,113228,15602.0
4,114885,31357.0
5,113041,11862.0
6,113277,949.0
7,114319,11860.0
8,112302,45325.0
9,114576,9091.0
10,113189,710.0
11,112346,9087.0
12,112896,12110.0
13,112453,21032.0
14,113987,10858.0
15,112760,1408.0
16,112641,524.0
17,114388,4584.0
18,113101,5.0
19,112281,9273.0
20,113845,11517.0
21,113161,8012.0
22,112722,1710.0
23,112401,9691.0
24,114168,12665.0
25,113627,451.0
26,114057,16420.0
27,114011,9263.0
28,114117,17015.0
29,112682,902.0
30,115012,37557.0
31,112792,9909.0
32,114746,63.0
33,114952,78802.0
34,112431,9598.0
35,112637,47018.0
36,112818,687.0
37,112286,139405.0
38,113442,33689.0
39,112697,9603.0
40,112749,34615.0
41,114279,31174.0
42,112819,11443.0
43,114272,35196.0
44,113855,9312.0
45,114681,577.0
46,113347,11861.0
47,114369,807.0
48,114148,10530.0
49,114916,8391.0
50,114814,629.0
51,109950,117164.0
52,113819,11448.0
53,110299,49133.0
54,112499,26441.0
55,113158,97406.0
56,113541,124057.0
57,113321,9089.0
58,110877,11010.0
59,112714,99040.0
60,113419,11359.0
61,116260,17182.0
62,113862,2054.0
63,116126,10607.0
64,118002,19760.0
65,115683,9536.0
66,116839,11525.0
67,114753,40628.0
68,113149,4482.0
69,113118,10634.0
70,116367,755.0
71,113010,11859.0
72,113537,28387.0
73,113828,48750.0
74,115644,20927.0
75,115676,36929.0
76,114367,9102.0
77,113973,124626.0
78,112744,27526.0
79,116731,9623.0
80,112445,46785.0
81,114660,400.0
82,112379,880.0
83,114039,146599.0
84,113612,188588.0
85,112365,8447.0
86,118158,10534.0
87,116151,17414.0
88,115697,13997.0
89,113972,2086.0
90,113490,61548.0
92,117002,9095.0
93,114825,12158.0
94,115639,9283.0
95,115759,9208.0
96,113403,40154.0
97,113247,406.0
98,111173,45549.0
99,113283,63076.0
100,115907,11062.0
101,115734,13685.0
102,117102,47475.0
103,118040,2045.0
104,116483,9614.0
105,112579,688.0
106,110251,11907.0
107,117110,10874.0
108,112646,89333.0
109,113276,96357.0
110,112573,197.0
111,75314,103.0
112,113326,33542.0
113,115645,43566.0
114,113774,71754.0
115,112556,43612.0
116,112373,51352.0
117,115033,16934.0
118,116606,10324.0
119,114536,78406.0
120,117427,55731.0
121,106473,32119.0
122,103859,11066.0
123,109424,11104.0
124,114808,37975.0
125,116324,2074.0
126,110647,27793.0
127,111055,44284.0
128,110217,290157.0
129,114131,110972.0
130,112364,32622.0
131,113107,73067.0
132,113451,11863.0
133,114015,55475.0
134,114500,124636.0
135,116130,9101.0
136,113125,123360.0
137,113756,5757.0
138,113952,39428.0
139,114618,124639.0
140,118055,9302.0
141,115685,11000.0
142,94878,525153.0
143,113200,249882.0
144,112585,16388.0
145,112442,9737.0
146,112342,30765.0
147,112461,10474.0
148,112427,22279.0
149,109093,30157.0
150,112384,568.0
151,114287,11780.0
152,112288,34996.0
153,112462,414.0
154,61395,649.0
155,112495,1873.0
156,112541,5894.0
157,109370,1775.0
158,112642,8839.0
159,112688,20649.0
160,112715,10329.0
161,112740,8963.0
162,109508,26564.0
163,112851,8068.0
164,112857,8512.0
165,112864,1572.0
166,112887,13552.0
167,113044,259209.0
168,113071,6520.0
169,113114,9073.0
170,113243,10428.0
171,113464,17447.0
172,113481,9886.0
173,113492,9482.0
174,113500,19326.0
175,113540,9344.0
176,113677,9071.0
177,113690,8973.0
178,107447,15730.0
179,113729,47608.0
180,113749,2293.0
181,113820,9070.0
182,113851,68274.0
183,110604,48787.0
184,110620,34574.0
185,113957,1642.0
186,113986,11472.0
187,114095,36196.0
188,114194,11980.0
189,114241,58372.0
190,114323,32646.0
191,114345,10533.0
192,114435,56088.0
193,114436,10802.0
194,114478,10149.0
195,114496,18402.0
196,114508,9348.0
197,114534,139408.0
198,114558,281.0
199,58450,5967.0
200,114666,79593.0
201,114663,47939.0
202,114702,36834.0
203,114682,9090.0
204,114781,3512.0
205,114798,52856.0
206,114805,77350.0
207,114887,9560.0
208,114898,9804.0
209,114928,31611.0
210,114938,65796.0
211,109340,49805.0
212,112602,26258.0
213,111579,50797.0
214,110882,19155.0
215,112471,76.0
216,112508,11017.0
217,112438,37141.0
218,112571,9382.0
219,112757,6715.0
220,112643,18256.0
222,112679,22625.0
223,109445,2292.0
224,112883,1909.0
225,109635,8984.0
226,112899,61813.0
227,109676,4954.0
228,112854,62488.0
229,109579,10531.0
230,109642,11929.0
231,109686,8467.0
232,111797,10451.0
233,109759,20156.0
234,109758,18395.0
235,109707,522.0
236,113117,397.0
237,113097,10525.0
238,113028,27985.0
239,113198,15789.0
240,113303,27303.0
241,113089,21183.0
242,109771,10954.0
243,113199,47867.0
244,113234,43475.0
245,109906,72031.0
246,110057,14275.0
247,110005,1024.0
248,110066,17207.0
249,110116,13701.0
250,110006,14819.0
251,113360,32631.0
252,110099,11777.0
253,110148,628.0
254,113463,87729.0
255,110189,18713.0
256,110216,6280.0
257,113501,9061.0
258,113538,37108.0
259,113552,6071.0
260,76759,11.0
261,110367,9587.0
262,113670,19101.0
263,110296,49980.0
264,109731,17961.0
265,103994,18183.0
266,110322,4476.0
267,110443,11008.0
268,110365,47504.0
269,107566,32325.0
270,110391,43742.0
271,113691,28313.0
272,110428,11318.0
273,109836,3036.0
274,113755,40490.0
275,110538,24070.0
276,110516,8986.0
277,110527,10510.0
278,113808,17402.0
279,113896,38722.0
280,113870,8438.0
281,110684,11593.0
282,110638,1945.0
283,113967,39310.0
284,117169,109560.0
285,106402,56428.0
286,113948,63105.0
287,110671,131957.0
288,110632,241.0
289,110737,9058.0
290,110729,527.0
292,114069,6950.0
293,110413,101.0
294,114113,63020.0
295,114210,2307.0
296,110912,680.0
297,114084,41478.0
298,105652,25296.0
299,110889,40156.0
300,110932,11450.0
301,114129,30304.0
302,110963,10452.0
303,114214,12106.0
304,114296,161495.0
305,110907,3586.0
306,111495,110.0
307,108394,108.0
308,111507,109.0
309,110769,159185.0
310,114268,36357.0
311,110965,92769.0
312,114571,28033.0
313,111333,22586.0
314,111112,14334.0
315,111255,2636.0
316,111282,2164.0
317,111070,11395.0
318,111161,278.0
319,111149,9905.0
320,108260,87078.0
321,106966,12527.0
322,114594,20306.0
324,111309,36614.0
325,113936,27993.0
326,110081,31439.0
327,114614,9067.0
328,114608,9059.0
329,111280,193.0
330,114609,25066.0
331,111454,46797.0
332,114852,12122.0
333,114694,11381.0
334,111590,32636.0
335,114788,36141.0
336,114888,95963.0
337,108550,1587.0
338,114857,9271.0
339,114924,2064.0
340,111667,19855.0
341,109655,60855.0
342,110598,236.0
343,112435,48287.0
344,109040,3049.0
345,109045,2759.0
346,106339,12635.0
347,104779,10497.0
348,109348,11382.0
349,109444,9331.0
350,109446,10731.0
351,109484,10464.0
352,109504,34152.0
353,109506,9495.0
354,109450,29973.0
355,109813,888.0
356,109830,13.0
357,109831,712.0
358,113305,16295.0
359,110091,48992.0
360,110093,10879.0
361,110167,10660.0
362,110213,10714.0
363,107472,41647.0
364,110357,8587.0
365,107426,1689.0
366,111686,11596.0
367,110475,854.0
368,110478,9359.0
369,110588,23333.0
370,110622,36593.0
371,110771,12280.0
372,110950,2788.0
373,105226,10427.0
374,110989,11011.0
375,111054,49803.0
376,110997,8987.0
377,111257,1637.0
378,111256,15128.0
379,111438,8831.0
380,111503,36955.0
381,111693,10449.0
382,111742,10395.0
383,111756,12160.0
384,112443,40480.0
385,110455,52038.0
386,111048,29444.0
387,110399,26352.0
388,112570,39953.0
389,109454,41580.0
390,59170,315.0
391,110186,22067.0
392,108069,18242.0
393,111301,11667.0
394,112702,32502.0
395,112849,267188.0
396,113014,28732.0
397,113043,75555.0
398,113104,42981.0
399,113173,278939.0
400,113319,291731.0
401,113827,226229.0
402,114047,203119.0
403,112889,172923.0
404,109339,316098.0
405,110027,8011.0
406,109785,171857.0
407,113409,2654.0
408,109021,18069.0
409,109035,19092.0
410,106220,2758.0
411,111804,38129.0
412,106226,10436.0
413,109068,13595.0
414,109067,46094.0
415,106292,9409.0
416,109198,11853.0
417,109219,16771.0
418,106379,46924.0
419,106400,11041.0
420,109254,306.0
421,109279,14522.0
422,109297,26203.0
423,109303,178.0
424,109305,19819.0
425,109306,57834.0
426,106452,4722.0
427,106471,18215.0
428,106489,1607.0
429,109361,26391.0
430,106505,117553.0
431,106519,6075.0
432,109439,11310.0
433,109443,18658.0
434,106582,9350.0
435,106598,9612.0
436,109456,2124.0
437,109480,26261.0
438,109493,19176.0
439,106660,49299.0
440,106673,11566.0
441,106677,9571.0
442,106697,9739.0
443,109729,24257.0
444,106834,34444.0
445,106873,26141.0
446,106332,10997.0
447,109783,50463.0
448,106881,10443.0
449,106880,20239.0
450,111732,16297.0
451,106926,18551.0
452,111712,25440.0
453,106941,9024.0
454,106918,37233.0
455,106965,1634.0
456,109842,13815.0
457,106977,5503.0
458,107004,35588.0
459,109890,2087.0
460,109891,41579.0
461,109913,18620.0
462,109920,41006.0
463,107057,4916.0
464,107076,2019.0
465,107096,31642.0
466,107144,9255.0
467,113674,26271.0
468,112966,10612.0
469,107151,2259.0
470,110064,16097.0
471,110074,11934.0
472,110097,106143.0
473,110123,12475.0
474,107206,9386.0
475,107207,7984.0
476,110137,59930.0
477,108551,15765.0
478,110197,31643.0
479,107286,6.0
480,107290,329.0
481,107302,10909.0
482,110265,507.0
483,107322,34024.0
484,110305,29918.0
485,107362,9593.0
486,107413,42580.0
487,110353,22317.0
488,107468,1413.0
489,107478,12121.0
490,107497,2246.0
491,107501,10502.0
492,107507,10440.0
493,107554,9516.0
494,116253,2320.0
495,74102,5879.0
496,111689,83718.0
497,107616,11971.0
498,107611,2625.0
499,107613,31911.0
500,107614,788.0
501,107653,21450.0
502,110657,11231.0
503,110649,41588.0
504,110678,10447.0
505,110687,31586.0
506,107756,9300.0
507,107808,9559.0
508,107818,9800.0
509,107822,713.0
510,107840,8291.0
511,107889,18133.0
512,111003,25557.0
513,110939,22588.0
514,110955,10872.0
515,107943,1245.0
516,110971,11858.0
517,107969,7007.0
518,111001,10467.0
519,107978,5550.0
520,107977,8005.0
521,107983,2088.0
522,105275,10412.0
523,108000,47889.0
524,108002,14534.0
525,108026,56583.0
526,105032,41878.0
527,108052,424.0
528,111094,35233.0
529,108065,14291.0
530,111102,103413.0
531,108071,11236.0
532,111127,11592.0
533,111143,8850.0
534,108101,10445.0
535,108122,695.0
536,111194,43535.0
537,111201,12519.0
538,108149,23210.0
539,108160,858.0
540,108162,867.0
541,83658,78.0
542,108186,13203.0
543,108174,10442.0
544,108238,11074.0
546,108255,9607.0
547,111323,17585.0
548,111400,9057.0
549,108328,20967.0
550,111418,10635.0
551,107688,9479.0
552,108333,10057.0
553,108358,11969.0
554,111488,41590.0
555,108399,319.0
556,108515,26408.0
558,110763,15139.0
559,107779,161158.0
560,109226,218473.0
561,110259,85247.0
562,114906,11446.0
563,107002,51980.0
564,109403,24405.0
565,104029,11655.0
566,110623,11800.0
567,107315,8223.0
568,106408,14587.0
569,110363,31504.0
570,107349,41653.0
571,111709,53185.0
572,109828,95743.0
573,107225,23637.0
574,111252,17600.0
575,110366,10897.0
576,106878,349394.0
577,109120,21352.0
579,108059,68806.0
580,110892,37345.0
581,112651,32562.0
582,107642,47507.0
583,109382,25403.0
584,106678,124304.0
585,112572,9066.0
586,99785,771.0
587,99653,251.0
588,103639,812.0
589,103064,280.0
590,99348,581.0
591,114706,80350.0
592,96895,268.0
593,102926,274.0
594,29583,408.0
595,101414,10020.0
596,32910,10895.0
597,100405,114.0
598,110719,41043.0
599,65214,576.0
600,110395,15477.0
601,111752,59146.0
602,109934,124472.0
603,112606,30528.0
604,115978,538286.0
605,117247,7300.0
606,112625,10824.0
607,106537,261246.0
608,116282,275.0
609,116552,25059.0
610,82509,11827.0
611,116514,8766.0
612,117283,23570.0
613,116684,47333.0
614,110374,54850.0
615,70506,51242.0
616,65421,10112.0
617,113083,4307.0
618,118001,46029.0
619,116165,32308.0
620,102855,88893.0
621,107471,52873.0
623,113839,123505.0
625,90665,44281.0
626,117891,28121.0
627,113613,12520.0
628,117381,1592.0
629,114305,166901.0
630,115837,36447.0
631,115509,19042.0
632,114671,38884.0
633,112844,47449.0
634,114658,36259.0
635,116275,41852.0
636,113122,40926.0
637,117608,9099.0
638,113448,2021.0
639,116414,61752.0
640,116095,10988.0
641,111543,11479.0
642,117517,398959.0
643,117312,287305.0
644,116485,339428.0
645,113947,12652.0
647,115956,10684.0
648,117060,954.0
649,109028,68445.0
650,117071,18989.0
651,117788,10801.0
652,112257,54285.0
653,116136,8840.0
654,118026,278978.0
655,117117,124625.0
656,116168,11107.0
657,111787,16417.0
658,112509,70934.0
659,54189,10363.0
660,115591,161070.0
661,116683,10539.0
662,116287,10543.0
663,116768,18414.0
664,116269,47502.0
665,114787,11902.0
666,113720,27098.0
667,112536,25087.0
668,48473,5801.0
670,52572,896.0
671,117128,3065.0
672,114616,318177.0
673,117705,2300.0
674,62711,8069.0
675,110061,288173.0
676,140614,187851.0
678,108181,27768.0
679,114307,221917.0
680,58898,8072.0
681,82206,35797.0
682,111430,88030.0
683,107727,185191.0
684,81759,83857.0
685,113443,33245.0
687,109491,124460.0
688,114048,27281.0
690,111613,105045.0
691,117104,40001.0
692,117688,29621.0
693,109751,117730.0
694,117774,20762.0
695,114736,37144.0
696,112604,48260.0
697,116289,12656.0
698,109593,38867.0
699,103095,277270.0
700,112368,25969.0
701,104046,44103.0
702,62952,753.0
703,115742,43634.0
704,117420,9103.0
705,115951,90214.0
706,117784,29649.0
707,117107,10990.0
708,117979,8866.0
709,95776,12233.0
710,115851,23449.0
711,116322,36355.0
712,109374,37667.0
713,110712,90148.0
714,112817,922.0
715,113362,11876.0
716,73778,52633.0
717,112546,62364.0
718,108500,11687.0
719,117108,9304.0
720,118114,503475.0
721,114103,
722,113270,73183.0
723,92123,123067.0
724,115963,9100.0
725,116448,20759.0
726,116827,46063.0
727,114894,365371.0
728,112701,32513.0
729,113429,40651.0
730,125877,
731,116508,36915.0
732,117260,40507.0
733,117500,9802.0
734,116405,25697.0
735,109592,21588.0
736,117998,664.0
737,115624,11867.0
738,113145,47119.0
739,116559,314352.0
741,113568,9323.0
742,117894,10280.0
743,117723,10535.0
744,112586,124613.0
745,112691,532.0
746,40366,26744.0
747,117768,16299.0
748,115571,10547.0
749,31612,245268.0
750,57012,935.0
751,103926,55613.0
752,105737,215107.0
753,113849,41007.0
754,113188,35645.0
755,42644,110465.0
756,109381,255546.0
757,109688,40751.0
758,104606,275096.0
759,110480,85778.0
760,108211,11101.0
761,117331,9826.0
762,117765,9879.0
763,116833,63564.0
764,113280,22621.0
765,116669,7095.0
766,116594,26890.0
767,113211,46732.0
768,114494,124633.0
769,116992,581579.0
770,38426,
771,94265,202425.0
772,105201,196940.0
773,70820,77771.0
774,84898,181083.0
775,63715,41225.0
776,109191,188589.0
777,114122,87190.0
778,117951,627.0
779,118523,32872.0
780,116629,602.0
781,117737,14553.0
782,116277,9566.0
783,116583,10545.0
784,115798,9894.0
785,116778,11543.0
786,116213,9268.0
787,113147,52059.0
788,117218,9327.0
789,100990,123763.0
790,111546,81949.0
791,113610,
792,93199,42005.0
793,106810,124306.0
794,111180,183955.0
795,111237,44535.0
796,72362,44495.0
797,103207,78285.0
798,116040,11228.0
799,116365,10779.0
800,116905,26748.0
801,116493,38223.0
802,117333,9294.0
803,118113,49963.0
804,117628,11363.0
805,117913,1645.0
806,115530,31546.0
807,114266,77056.0
808,115493,36344.0
809,116320,18550.0
810,116756,11511.0
812,109356,172198.0
813,116823,34170.0
814,112568,281085.0
815,114170,109478.0
816,117999,124645.0
818,118073,12606.0
819,108220,69895.0
820,49521,35206.0
821,112746,525936.0
822,104403,151489.0
823,61495,4837.0
824,110246,12632.0
825,116164,9098.0
826,112865,282919.0
827,112716,124614.0
828,115472,18975.0
829,116707,11962.0
830,116313,2925.0
831,114550,28628.0
832,117438,3595.0
833,116531,9308.0
834,117332,92381.0
835,116353,18555.0
836,115857,12123.0
837,117008,10830.0
838,116191,3573.0
839,115986,10546.0
840,116571,18862.0
841,53459,31417.0
842,117826,9431.0
843,113695,124619.0
844,108227,297645.0
845,111424,48144.0
846,113080,46986.0
847,115680,144982.0
848,117718,47907.0
849,116225,10061.0
850,112767,36266.0
851,115632,549.0
852,117918,10478.0
853,104109,66634.0
854,51980,116690.0
855,100840,213917.0
856,107575,145925.0
857,42054,100914.0
858,68646,238.0
859,116536,484245.0
860,109255,159.0
861,104558,11134.0
862,116985,88224.0
864,114936,132641.0
865,114474,42758.0
866,115736,9303.0
867,115836,23945.0
868,101692,37820.0
869,116745,22479.0
870,119214,9054.0
871,116934,241058.0
872,109066,11985.0
873,75169,10232.0
874,113542,59569.0
875,110693,410921.0
876,106544,38955.0
877,116418,110513.0
878,112607,114089.0
879,120004,11015.0
880,116654,9306.0
881,116311,12559.0
882,117965,58770.0
884,114592,124851.0
885,115725,3587.0
886,115783,10723.0
887,120271,56077.0
889,109001,101230.0
890,94822,253632.0
891,113253,10987.0
892,117991,44705.0
893,117093,20318.0
894,24252,43596.0
895,105729,79782.0
896,111019,26933.0
897,35896,27854.0
898,32904,981.0
899,45152,872.0
900,43278,2769.0
901,50419,13320.0
902,54698,164.0
903,52357,426.0
904,47396,567.0
905,25316,3078.0
906,36855,13528.0
907,25164,28288.0
908,53125,213.0
909,53604,284.0
910,53291,239.0
911,56923,4808.0
912,34583,289.0
913,33870,963.0
914,58385,11113.0
915,47437,6620.0
916,46250,804.0
917,31580,26531.0
918,37059,909.0
919,32138,630.0
920,31381,770.0
921,84370,31044.0
922,43014,599.0
923,33467,15.0
924,62622,62.0
925,39428,121357.0
926,42192,705.0
927,32143,22490.0
928,32976,223.0
929,32484,25670.0
930,38787,303.0
931,38109,4174.0
932,50105,8356.0
933,48728,381.0
934,42451,20758.0
935,45537,29376.0
936,31725,1859.0
937,50658,18299.0
938,51658,17281.0
939,52126,64382.0
940,29843,10907.0
941,32762,32093.0
942,37008,1939.0
943,39420,22292.0
944,29162,3598.0
945,27125,3080.0
946,35446,198.0
947,28010,13562.0
948,49261,1712.0
949,48028,220.0
950,25878,3529.0
951,32599,3085.0
952,48960,2897.0
953,38650,1585.0
954,31679,3083.0
955,29947,900.0
956,34012,43795.0
957,17350,85638.0
958,36094,50001.0
959,25586,43905.0
960,38300,22688.0
961,27893,23114.0
962,32022,26378.0
963,41509,40206.0
964,39152,22356.0
965,26029,260.0
966,38235,43488.0
967,36241,22613.0
968,63350,10331.0
969,43265,488.0
970,46414,22733.0
971,51459,261.0
972,47162,57575.0
973,33891,32574.0
974,29855,22657.0
975,29588,76464.0
976,22879,22649.0
977,27980,176841.0
979,114007,125587.0
980,93229,39448.0
981,118927,52855.0
982,48491,39940.0
983,113730,172868.0
984,117357,85328.0
985,117669,124632.0
986,116329,11076.0
987,118742,63945.0
988,116442,58985.0
989,114354,890.0
990,117011,10861.0
991,117039,1770.0
992,117473,44465.0
993,116635,2033.0
994,115678,18203.0
996,116830,9333.0
997,115847,47260.0
998,117603,9400.0
999,115438,9401.0
1000,115994,12241.0
1001,83587,25739.0
1002,116167,161806.0
1003,116259,11306.0
1004,116421,9625.0
1005,116000,10680.0
1006,115862,6346.0
1007,72653,18660.0
1008,47977,35115.0
1009,72951,14821.0
1010,64603,14136.0
1011,71607,10869.0
1012,50798,22660.0
1013,55277,19186.0
1014,54195,31102.0
1015,107131,6878.0
1016,53271,15944.0
1017,54357,18444.0
1018,59793,20723.0
1019,46672,173.0
1020,106611,864.0
1021,109127,24795.0
1022,42332,11224.0
1023,63819,81310.0
1024,38166,15947.0
1025,57546,9078.0
1026,41890,29682.0
1027,102798,8367.0
1028,58331,433.0
1029,33563,11360.0
1030,76538,11114.0
1031,66817,12335.0
1032,43274,12092.0
1033,82406,10948.0
1034,116361,11229.0
1035,59742,15121.0
1036,95016,562.0
1037,104692,10163.0
1038,118044,48862.0
1039,114597,117036.0
1040,117582,47199.0
1041,117589,11159.0
1042,117887,9591.0
1043,117924,30500.0
1044,117791,41843.0
1045,116928,55058.0
1046,115640,10938.0
1047,116908,11412.0
1049,116409,10586.0
1050,116913,42314.0
1051,117958,27845.0
1052,117400,108365.0
1053,117202,23223.0
1054,116404,49471.0
1055,120107,38153.0
1056,116722,25147.0
1057,116242,9716.0
1058,115600,43777.0
1059,117509,454.0
1060,117802,10218.0
1061,117665,819.0
1062,117781,38191.0
1063,116714,56830.0
1065,43140,27256.0
1066,29546,31530.0
1067,28757,66473.0
1068,39286,28120.0
1069,37101,1834.0
1070,44863,26282.0
1071,109823,37218.0
1073,67992,252.0
1075,111622,116356.0
1076,55018,16372.0
1077,70707,11561.0
1078,66808,11302.0
1079,95159,623.0
1080,79470,583.0
1081,84865,12614.0
1082,68334,21711.0
1083,59243,11575.0
1084,61418,475.0
1085,52027,11331.0
1086,46912,521.0
1087,113731,21202.0
1088,92890,88.0
1089,105236,500.0
1090,91763,792.0
1091,98627,8491.0
1092,103772,402.0
1093,101761,10537.0
1094,104036,11386.0
1095,104348,9504.0
1096,84707,15764.0
1097,83866,601.0
1098,117577,67365.0
1099,29992,25842.0
1100,99371,2119.0
1101,92099,744.0
1102,115531,136311.0
1103,48545,221.0
1104,44081,702.0
1105,115885,25750.0
1106,116859,17642.0
1107,102336,
1109,115870,427043.0
1110,115684,146341.0
1111,117040,9305.0
1112,117284,37616.0
1113,115580,11112.0
1114,116378,21612.0
1115,114472,141210.0
1116,113057,102461.0
1117,116581,36998.0
1118,114622,200383.0
1119,112907,116844.0
1120,117318,1630.0
1121,116422,26626.0
1122,114147,470646.0
1123,117320,124837.0
1124,82846,11816.0
1125,72081,11843.0
1126,101775,10379.0
1127,96754,2756.0
1128,80749,790.0
1129,82340,1103.0
1130,82533,11298.0
1131,91288,4480.0
1132,91480,4481.0
1133,111357,575751.0
1134,107274,49688.0
1135,81375,10765.0
1136,71853,762.0
1137,116587,44497.0
1138,112777,85588.0
1139,116245,278621.0
1140,116212,99479.0
1141,113328,566972.0
1142,116403,
1143,117968,55049.0
1144,116886,124829.0
1145,117677,79306.0
1146,112759,356054.0
1147,118147,10548.0
1148,108598,531.0
1149,110173,104931.0
1150,84589,4483.0
1151,109781,18919.0
1152,40427,31556.0
1153,40723,26167.0
1154,39881,26174.0
1155,92281,572997.0
1156,34493,61461.0
1157,39004,117500.0
1158,26465,218713.0
1159,26656,217802.0
1160,25799,127973.0
1161,78875,659.0
1162,69198,30892.0
1163,110521,86369.0
1164,60304,8074.0
1165,115715,124676.0
1166,113031,559489.0
1167,116059,38554.0
1168,115610,49763.0
1169,99028,41326.0
1170,112483,36555.0
1171,103850,10608.0
1172,95765,11216.0
1173,97108,7452.0
1174,109942,64567.0
1175,101700,892.0
1176,101765,1600.0
1177,101811,26561.0
1178,50825,975.0
1179,99703,18129.0
1180,102014,54405.0
1181,120121,150823.0
1183,116209,409.0
1184,102426,38251.0
1185,97937,10161.0
1186,98724,1412.0
1187,105107,41768.0
1188,105488,10409.0
1189,96257,14285.0
1190,101026,2469.0
1191,102370,10174.0
1192,100332,31225.0
1193,73486,510.0
1194,78446,11455.0
1196,80684,1891.0
1197,93779,2493.0
1198,82971,85.0
1199,88846,68.0
1200,90605,679.0
1201,60196,429.0
1202,94336,13446.0
1203,50083,389.0
1204,56172,947.0
1206,66921,185.0
1207,56592,595.0
1208,78788,28.0
1209,64116,335.0
1210,86190,1892.0
1211,93191,144.0
1212,41959,1092.0
1213,99685,769.0
1214,78748,348.0
1215,106308,766.0
1216,95250,175.0
1217,89881,11645.0
1218,97202,10835.0
1219,54215,539.0
1220,80455,525.0
1221,71562,240.0
1222,93058,600.0
1223,104361,530.0
1224,97499,10705.0
1225,86879,279.0
1226,45061,3109.0
1227,87843,311.0
1228,81398,1578.0
1230,75686,703.0
1231,86197,9549.0
1232,79944,1398.0
1233,82096,387.0
1234,70735,9277.0
1235,67185,343.0
1236,103130,37291.0
1237,50976,490.0
1238,85859,11235.0
1240,88247,218.0
1241,103873,763.0
1242,97441,9665.0
1243,100519,18971.0
1244,79522,696.0
1245,100150,379.0
1246,97165,207.0
1247,61722,37247.0
1248,52311,1480.0
1249,100263,9322.0
1250,50212,826.0
1251,56801,422.0
1252,71315,829.0
1253,43456,828.0
1254,40897,3090.0
1255,92610,9964.0
1256,23969,3063.0
1257,88794,13667.0
1258,81505,694.0
1259,92005,235.0
1260,22100,832.0
1261,92991,765.0
1262,57115,5925.0
1263,77416,11778.0
1264,82269,4485.0
1265,107048,137.0
1266,105695,33.0
1267,56218,982.0
1268,100436,8428.0
1269,36613,212.0
1270,88763,105.0
1271,101921,1633.0
1272,66206,11202.0
1273,90967,1554.0
1274,94625,149.0
1275,91203,8009.0
1276,61512,903.0
1277,99334,11673.0
1278,72431,3034.0
1279,102536,339.0
1280,101640,10404.0
1281,32553,914.0
1282,32455,756.0
1283,44706,288.0
1284,38355,910.0
1285,97493,2640.0
1286,81534,16633.0
1287,52618,665.0
1288,88258,11031.0
1289,85809,11314.0
1290,94006,15143.0
1291,97576,89.0
1292,78841,10322.0
1293,83987,783.0
1295,96332,10644.0
1296,91867,11257.0
1297,89886,14370.0
1298,84503,12104.0
1299,87553,625.0
1300,89606,8816.0
1301,49223,830.0
1302,97351,2323.0
1303,73341,983.0
1304,64115,642.0
1305,87884,655.0
1306,101458,10341.0
1307,98635,639.0
1308,113369,266022.0
1309,114089,168450.0
1310,116589,30180.0
1311,117550,31388.0
1312,116293,41801.0
1313,116953,66034.0
1314,115754,348138.0
1315,114093,96288.0
1316,115548,
1317,116601,61536.0
1318,112537,18762.0
1319,107314,331367.0
1320,103644,8077.0
1321,82010,814.0
1322,103678,41671.0
1323,85159,27214.0
1324,115535,52263.0
1325,106262,33519.0
1326,83550,16235.0
1327,78767,11449.0
1328,99030,41848.0
1329,71233,25944.0
1330,90655,24913.0
1331,75704,49126.0
1332,92632,32076.0
1333,56869,571.0
1334,51418,8851.0
1335,82083,37843.0
1336,101492,32146.0
1337,37549,30346.0
1339,103874,6114.0
1340,26138,229.0
1341,74258,13549.0
1342,103919,9529.0
1343,101540,1598.0
1344,55824,11349.0
1345,74285,7340.0
1346,83722,6217.0
1347,87800,377.0
1348,13442,653.0
1349,91651,28198.0
1350,75005,794.0
1351,115710,31640.0
1352,115495,8744.0
1353,117057,25189.0
1354,115751,145.0
1355,119791,2212.0
1356,117731,199.0
1357,117631,7863.0
1358,117666,12498.0
1359,116705,9279.0
1360,84116,53234.0
1361,117293,17204.0
1363,117372,21539.0
1364,113557,85589.0
1365,117477,12709.0
1366,115988,20539.0
1367,115433,11674.0
1368,42354,199512.0
1369,110171,64900.0
1370,99423,1573.0
1371,79945,152.0
1372,102975,174.0
1373,98382,172.0
1374,84726,154.0
1375,88170,157.0
1376,92007,168.0
1377,103776,364.0
1378,96487,11967.0
1379,100994,9086.0
1380,77631,621.0
1381,84021,9037.0
1382,100114,10173.0
1383,115471,55687.0
1384,117773,168535.0
1385,105690,8845.0
1386,52287,46681.0
1387,73195,578.0
1388,77766,579.0
1389,85750,17692.0
1390,117119,17795.0
1391,116996,75.0
1392,115906,13891.0
1393,116695,9390.0
1394,93822,378.0
1395,94155,10896.0
1396,105435,2322.0
1397,115633,41240.0
1398,116621,26949.0
1399,116999,9819.0
1400,117691,49799.0
1401,116410,31908.0
1404,119783,46027.0
1405,115641,3179.0
1406,112769,1802.0
1407,117571,4232.0
1408,104691,9361.0
1409,117038,2928.0
1410,116240,30285.0
1411,116477,10549.0
1412,117690,58102.0
1413,118163,18451.0
1414,117091,27265.0
1415,118100,49935.0
1416,116250,8818.0
1417,117364,36758.0
1419,67959,36040.0
1420,117028,74239.0
1421,113212,
1422,119731,9415.0
1423,116506,55146.0
1424,116640,303693.0
1425,119115,12145.0
1426,120550,42424.0
1427,120390,34314.0
1428,112362,2892.0
1429,116704,9404.0
1430,120414,85242.0
1431,118708,9622.0
1432,119664,8860.0
1433,110425,197537.0
1434,123281,
1436,80714,66597.0
1437,106535,14832.0
1438,118928,9619.0
1439,119644,40506.0
1440,106266,31000.0
1441,106387,4104.0
1442,119937,26306.0
1443,117907,203829.0
1444,109949,43775.0
1445,119640,14908.0
1446,116790,784.0
1447,119225,12489.0
1448,116310,168283.0
1449,118111,16448.0
1450,116754,55936.0
1453,118691,17894.0
1454,120238,28059.0
1455,116565,58911.0
1456,119887,17949.0
1457,119141,1968.0
1458,120357,61563.0
1459,118548,66.0
1460,120317,20735.0
1461,120434,11419.0
1462,118042,333165.0
1463,120318,25796.0
1464,116922,638.0
1465,120036,25624.0
1466,119008,9366.0
1467,117544,60083.0
1468,118750,21915.0
1470,120014,90928.0
1471,118762,50091.0
1472,118859,18420.0
1473,118702,19952.0
1474,119432,9446.0
1475,116743,28005.0
1476,119951,9403.0
1477,119572,27322.0
1479,120053,10003.0
1480,120152,9311.0
1482,118064,11844.0
1483,115964,884.0
1484,116041,49806.0
1485,119528,1624.0
1486,117422,88423.0
1487,120094,16052.0
1488,118972,4477.0
1489,118829,24662.0
1490,118663,18423.0
1493,116931,76996.0
1495,120389,6499.0
1496,118623,50512.0
1497,119013,9405.0
1498,119381,12723.0
1499,118615,9360.0
1500,119229,9434.0
1501,116762,118991.0
1502,116783,21626.0
1503,118541,13982.0
1504,113314,93946.0
1507,119859,77223.0
1508,120366,31465.0
1509,118586,12793.0
1510,118783,102878.0
1511,117050,105763.0
1513,120032,9611.0
1514,116295,47694.0
1515,120461,10357.0
1516,115886,9977.0
1517,118655,816.0
1518,118771,2163.0
1519,115760,124680.0
1520,115927,16399.0
1522,117482,124843.0
1523,120383,31017.0
1524,105660,24645.0
1525,120479,49478.0
1526,119109,12499.0
1527,119116,18.0
1528,116643,68545.0
1529,119809,1811.0
1531,116920,109614.0
1532,120190,60082.0
1533,117398,24183.0
1534,58985,53023.0
1535,119578,64802.0
1537,117615,11239.0
1538,120087,50850.0
1539,120394,15321.0
1541,118556,2058.0
1542,115744,9450.0
1543,118964,125021.0
1544,119567,330.0
1545,117359,38523.0
1546,117561,16375.0
1547,120118,33660.0
1548,118117,59232.0
1549,114303,45671.0
1550,120373,17770.0
1551,118787,15170.0
1552,118880,1701.0
1553,116834,201445.0
1554,114134,26422.0
1555,112951,124642.0
1556,120179,1639.0
1557,117724,49235.0
1558,117775,106129.0
1559,113968,291634.0
1561,118127,107743.0
1562,118688,415.0
1563,119019,47686.0
1564,120034,65889.0
1565,116502,11103.0
1566,119282,11970.0
1567,119502,34941.0
1568,116949,407992.0
1569,119738,8874.0
1570,105569,17991.0
1571,115856,11956.0
1572,57345,266.0
1573,119094,754.0
1574,119098,37567.0
1575,116384,43771.0
1577,117076,124834.0
1578,113425,249358.0
1579,116334,111367.0
1580,119654,607.0
1581,119848,18080.0
1582,120512,38225.0
1583,120133,17834.0
1584,118884,686.0
1585,116930,65046.0
1586,119173,4421.0
1587,82198,9387.0
1588,119190,10603.0
1589,118887,2142.0
1590,119081,8413.0
1591,120177,10336.0
1592,118570,20737.0
1593,119896,9413.0
1594,119361,14585.0
1595,119152,18519.0
1596,118818,49462.0
1597,118883,8834.0
1598,118966,9458.0
1599,120207,8854.0
1600,120112,38295.0
1601,119311,22073.0
1602,119509,37244.0
1603,119675,4961.0
1604,119695,9416.0
1605,119086,26180.0
1606,119484,17832.0
1608,118571,9772.0
1609,118531,6072.0
1610,99810,1669.0
1611,102494,468.0
1612,119465,32519.0
1613,120197,108401.0
1614,119360,10806.0
1615,119051,9433.0
1616,119874,6623.0
1617,119488,2118.0
1619,120102,978.0
1620,119468,9437.0
1621,120169,29461.0
1622,119457,56651.0
1623,120524,10351.0
1624,120323,66588.0
1625,119174,2649.0
1626,119123,14289.0
1627,120399,10155.0
1628,119557,75250.0
1629,119632,20457.0
1630,123953,
1631,118647,18355.0
1632,120151,33657.0
1633,120402,55306.0
1635,119349,68924.0
1636,120192,36434.0
1639,118842,2255.0
1640,119326,28353.0
1641,119164,9427.0
1642,116631,172545.0
1643,119280,17589.0
1644,119345,3597.0
1645,118971,1813.0
1646,120029,36797.0
1647,119906,12628.0
1648,119324,33344.0
1649,119107,25099.0
1650,120481,45019.0
1651,120303,63437.0
1652,120539,62422.0
1653,119177,782.0
1654,119095,29911.0
1655,119891,9827.0
1656,120257,1959.0
1657,120529,251481.0
1658,119535,8067.0
1659,119338,125052.0
1660,119080,45153.0
1661,119210,10871.0
1662,118900,14398.0
1663,83131,10890.0
1664,117221,99002.0
1665,118689,1281.0
1666,119327,32332.0
1667,119592,9770.0
1668,119832,12616.0
1669,120275,34838.0
1670,120490,14905.0
1671,119527,14583.0
1672,119978,11975.0
1673,118749,4995.0
1674,90329,9281.0
1675,119365,45928.0
1676,120201,563.0
1677,118901,61337.0
1678,107282,19931.0
1679,118836,31535.0
1680,120148,10215.0
1681,119707,9823.0
1682,120382,37165.0
1683,120520,45609.0
1684,119723,38904.0
1685,116592,45565.0
1686,119994,9407.0
1687,119395,4824.0
1688,118617,9444.0
1689,120483,9414.0
1690,118583,8078.0
1692,112318,29938.0
1693,118607,11831.0
1694,118632,2895.0
1695,123385,39177.0
1696,118698,19601.0
1697,109266,124606.0
1698,118764,42832.0
1699,118804,22797.0
1701,118954,2639.0
1702,119137,9574.0
1703,119142,10371.0
1704,119217,489.0
1705,116465,167738.0
1706,116490,293820.0
1707,119303,9714.0
1708,119352,102406.0
1709,130073,531591.0
1711,119668,8197.0
1713,119715,6283.0
1714,117167,279698.0
1715,119819,49728.0
1716,119845,64562.0
1717,120082,4233.0
1718,120222,191874.0
1719,120255,10217.0
1720,128755,438108.0
1721,120338,597.0
1722,120347,714.0
1723,117994,52537.0
1724,118230,12799.0
1725,119052,62394.0
1726,119925,9922.0
1727,119314,547.0
1728,120521,25994.0
1729,119396,184.0
1730,119485,9746.0
1731,119718,9438.0
1732,118715,115.0
1733,118566,26941.0
1734,119590,27103.0
1735,119223,9410.0
1738,120881,
1739,118539,32302.0
1740,119655,216794.0
1742,119988,88863.0
1743,129758,154821.0
1744,120670,41417.0
1746,120820,12538.0
1747,120885,586.0
1748,118929,2666.0
1749,116845,46338.0
1750,120478,54007.0
1752,120696,11258.0
1753,120693,9490.0
1754,119099,9411.0
1755,120122,25719.0
1756,118643,9033.0
1757,112913,11220.0
1759,119815,21253.0
1760,120185,6116.0
1762,118956,9457.0
1764,128690,281289.0
1765,119521,43911.0
1767,119734,39424.0
1768,119711,44361.0
1769,120008,11702.0
1770,120594,2923.0
1771,119784,12238.0
1772,118747,11568.0
1773,114690,41577.0
1774,133090,
1776,120707,66894.0
1777,120888,11003.0
1779,120184,10153.0
1780,118662,49645.0
1781,116379,47112.0
1782,119548,102732.0
1783,120782,30949.0
1784,119822,2898.0
1785,99939,9558.0
1787,145302,83593.0
1788,119656,320011.0
1789,114322,
1791,119594,26269.0
1792,120873,11808.0
1793,120491,6970.0
1794,119574,47452.0
1795,112619,18205.0
1796,140282,36943.0
1797,120661,21736.0
1798,118744,17941.0
1799,120241,10668.0
1801,120744,9313.0
1804,120769,42807.0
1805,120890,617.0
1806,125454,36568.0
1807,120642,37272.0
1809,119250,5910.0
1810,119942,9440.0
1811,119780,53092.0
1812,120510,32911.0
1814,120793,44308.0
1815,119049,124821.0
1816,124179,32456.0
1817,119560,93350.0
1819,120219,62695.0
1820,120108,32144.0
1821,120772,17127.0
1822,120645,40688.0
1824,119305,17133.0
1825,119905,19848.0
1826,120598,17644.0
1827,124295,1774.0
1829,118851,30265.0
1830,119139,558884.0
1831,120738,2157.0
1832,119272,70581.0
1833,120749,8838.0
1834,120176,29193.0
1835,120632,795.0
1836,120728,16980.0
1837,120773,27472.0
1839,120765,47881.0
1840,124718,9469.0
1841,119196,12488.0
1842,118229,98499.0
1843,120213,81367.0
1844,118819,267.0
1845,120906,16148.0
1846,119792,21252.0
1847,117443,73135.0
1848,118755,9449.0
1849,119947,6264.0
1850,130019,90414.0
1851,119508,188870.0
1852,118727,215373.0
1853,118577,78149.0
1854,120723,15513.0
1855,120725,31220.0
1856,138563,13907.0
1857,119987,29825.0
1858,117786,10622.0
1859,120265,30020.0
1860,119448,17139.0
1861,118785,34582.0
1862,120841,10216.0
1863,120742,9771.0
1864,120838,24560.0
1865,141986,76330.0
1866,120609,9448.0
1867,120856,38618.0
1869,120610,18316.0
1870,118925,78373.0
1871,119952,77514.0
1872,113184,49474.0
1873,119683,4415.0
1874,120211,39467.0
1875,118866,55561.0
1876,120647,8656.0
1877,145048,209345.0
1878,120531,58680.0
1879,125128,35161.0
1880,119506,35796.0
1881,120800,18937.0
1882,120685,929.0
1883,118798,9452.0
1884,120669,1878.0
1885,120777,9844.0
1886,131436,40505.0
1887,119053,14342.0
1888,119313,9715.0
1889,119375,26610.0
1890,119547,20064.0
1891,120401,40961.0
1892,120787,1965.0
1893,116692,312.0
1894,120828,6068.0
1895,127723,15037.0
1896,118894,50043.0
1897,139362,37636.0
1898,119494,17044.0
1899,125980,60951.0
1900,118849,21334.0
1901,150290,416437.0
1902,116141,32284.0
1903,126938,51955.0
1904,122529,37410.0
1905,143614,47481.0
1906,119717,53765.0
1907,120762,10674.0
1908,140508,136134.0
1909,120902,846.0
1910,126344,12655.0
1911,118998,3050.0
1912,120780,1389.0
1913,73540,11020.0
1914,120321,20862.0
1915,120443,108548.0
1916,118789,9464.0
1917,120591,95.0
1918,122151,944.0
1919,123987,35680.0
1920,122718,11551.0
1921,138704,473.0
1922,140688,102304.0
1923,129387,544.0
1924,52077,10513.0
1925,18578,28966.0
1926,19729,65203.0
1927,20629,143.0
1928,21746,42861.0
1929,22958,33680.0
1930,23876,56164.0
1931,26752,12311.0
1932,27698,43277.0
1933,29146,43278.0
1934,30993,34106.0
1935,33729,43266.0
1936,35093,27367.0
1937,36872,17661.0
1938,37884,28580.0
1939,36868,887.0
1940,39416,33667.0
1941,40416,23383.0
1942,41113,25430.0
1943,44672,27191.0
1944,45793,11426.0
1945,47296,654.0
1946,48356,15919.0
1947,55614,1725.0
1948,57590,5769.0
1949,60665,874.0
1950,61811,10633.0
1951,63385,17917.0
1952,64665,3116.0
1953,67116,1051.0
1954,75148,1366.0
1955,79417,12102.0
1956,81283,16619.0
1957,82158,9443.0
1958,86425,11050.0
1959,89755,606.0
1960,93389,746.0
1961,95953,380.0
1962,97239,403.0
1963,65063,11485.0
1964,67309,466.0
1965,87995,13820.0
1966,100142,15389.0
1967,91369,13597.0
1968,88847,2108.0
1969,89686,10014.0
1970,93629,10072.0
1971,95742,10131.0
1972,97981,10160.0
1973,101917,11284.0
1974,80761,4488.0
1975,82418,9725.0
1976,83972,9728.0
1977,87298,9730.0
1978,89173,9731.0
1979,91080,10225.0
1980,95179,10281.0
1981,97388,10283.0
1982,77651,948.0
1983,82495,11281.0
1984,85636,10676.0
1985,95271,11357.0
1986,97474,11361.0
1987,81383,36599.0
1988,93176,39929.0
1989,98136,41828.0
1990,105179,41769.0
1991,94862,10585.0
1992,99253,11186.0
1993,103956,11187.0
1994,84516,609.0
1995,91778,11133.0
1996,95889,10306.0
1997,70047,9552.0
1998,76009,11586.0
1999,99528,11587.0
2000,93409,941.0
2001,97733,942.0
2002,104714,943.0
2003,87363,927.0
2004,99700,928.0
2005,89218,9340.0
2006,120746,9342.0
2007,119910,38509.0
2008,117898,60033.0
2009,70723,12101.0
2010,17136,19.0
2011,96874,165.0
2012,99088,196.0
2013,69113,551.0
2014,76054,16084.0
2015,54594,17984.0
2016,78790,22328.0
2017,54649,32611.0
2018,34492,3170.0
2019,47478,346.0
2020,94947,859.0
2021,87182,841.0
2022,95497,11051.0
2023,99674,242.0
2024,102757,1411.0
2025,119558,9769.0
2026,134619,9424.0
2027,120741,9835.0
2028,120815,857.0
2029,137386,17539.0
2030,119007,44322.0
2031,66728,22777.0
2032,66811,20173.0
2033,88814,10957.0
2034,78869,9570.0
2035,62737,16249.0
2036,109287,13962.0
2037,75807,14612.0
2038,77305,19378.0
2039,97053,65157.0
2040,65566,29228.0
2041,82199,19379.0
2042,109520,11164.0
2043,52722,18887.0
2044,82263,40866.0
2045,106868,24736.0
2046,91059,10122.0
2047,61715,24816.0
2048,91149,9994.0
2049,61749,25445.0
2050,80861,12129.0
2051,76137,14140.0
2052,107120,10439.0
2053,104437,11158.0
2054,97523,9354.0
2055,77698,28736.0
2056,56095,34774.0
2057,57180,37969.0
2058,120768,9631.0
2059,120783,9820.0
2060,131857,14013.0
2061,119165,36606.0
2062,120687,96196.0
2063,124115,98505.0
2064,98213,1779.0
2065,89853,10849.0
2066,39689,678.0
2067,59113,907.0
2068,83922,5961.0
2069,90203,47908.0
2070,86423,42121.0
2071,106273,2887.0
2072,96734,11974.0
2073,89126,20348.0
2074,71910,26648.0
2075,82736,11911.0
2076,90756,793.0
2077,89385,35144.0
2078,61852,9325.0
2079,53994,43037.0
2080,48280,10340.0
2081,97757,10144.0
2082,104868,10414.0
2083,104940,10437.0
2084,104990,15300.0
2085,55254,12230.0
2086,89731,13380.0
2087,46183,10693.0
2088,81353,11335.0
2089,100477,11135.0
2090,76618,11319.0
2091,78158,14822.0
2093,89908,13155.0
2094,102803,10249.0
2095,75200,15943.0
2096,53285,10882.0
2097,86336,24808.0
2098,57518,19762.0
2099,38969,13850.0
2100,88161,2619.0
2101,111271,65158.0
2102,19422,53565.0
2103,111359,41841.0
2104,84783,27332.0
2105,84827,97.0
2106,108265,10419.0
2107,120694,11675.0
2108,102250,2107.0
2109,79367,6471.0
2110,83798,9442.0
2111,85894,11591.0
2112,101969,13697.0
2113,99697,19158.0
2114,86066,227.0
2115,87469,87.0
2116,77869,123.0
2117,87803,9314.0
2118,85407,11336.0
2119,91499,9980.0
2120,107665,10657.0
2121,85382,10489.0
2122,87050,10823.0
2123,96787,11497.0
2124,101272,2907.0
2125,120631,9454.0
2126,120832,8688.0
2127,128214,118452.0
2128,120813,16155.0
2129,120056,48894.0
2130,80388,23954.0
2131,77711,12761.0
2132,61184,396.0
2133,92513,14367.0
2134,90305,11814.0
2135,61584,16081.0
2136,57372,18331.0
2137,70016,15171.0
2138,78480,11837.0
2139,84649,11704.0
2140,83791,11639.0
2141,90633,4978.0
2142,101329,10380.0
2143,89469,11976.0
2144,88128,15144.0
2145,91790,11522.0
2146,90060,11557.0
2147,90848,13853.0
2148,91223,11415.0
2149,93220,37530.0
2150,80801,8393.0
2151,97443,11937.0
2152,140796,21661.0
2153,118661,9320.0
2154,120703,33644.0
2155,120831,14662.0
2156,133413,125124.0
2157,129923,115872.0
2158,116516,39930.0
2159,99763,10692.0
2160,63522,805.0
2161,88323,34584.0
2162,100240,34636.0
2163,80391,2182.0
2164,94077,28070.0
2165,119517,77469.0
2166,124595,10278.0
2167,120611,36647.0
2168,120576,17915.0
2169,118301,14557.0
2170,120901,9417.0
2171,119778,41469.0
2172,120692,19381.0
2173,95709,34637.0
2174,94721,4011.0
2175,119033,161795.0
2176,40746,1580.0
2177,74512,5854.0
2178,68611,573.0
2179,65112,2370.0
2180,61107,5780.0
2181,58329,506.0
2182,51207,22527.0
2183,49470,574.0
2184,48750,11219.0
2185,45897,30159.0
2186,44079,845.0
2187,42994,1978.0
2188,120577,3682.0
2189,119346,51942.0
2190,123324,46702.0
2191,119453,54795.0
2192,139564,46748.0
2193,96446,847.0
2194,94226,117.0
2195,120654,14577.0
2196,120724,37498.0
2197,119125,38621.0
2198,139468,59138.0
2199,119892,28047.0
2200,42004,4175.0
2201,39694,31667.0
2202,37017,13321.0
2203,36342,21734.0
2204,35279,31997.0
2205,33922,24197.0
2206,34248,11462.0
2207,31505,31995.0
2208,30341,940.0
2209,29811,2762.0
2210,28212,12684.0
2211,28231,2761.0
2212,25452,8208.0
2213,24747,52907.0
2214,23285,15007.0
2215,23395,36049.0
2216,22395,52748.0
2217,20852,75793.0
2218,21015,47695.0
2219,21165,31930.0
2220,20142,20213.0
2221,19702,543.0
2222,18756,36054.0
2223,18876,35832.0
2224,17825,52782.0
2225,17843,36055.0
2226,18328,36056.0
2227,17075,2760.0
2229,16230,64398.0
2230,133361,
2231,128442,10220.0
2232,123755,431.0
2233,118980,31641.0
2234,165857,223318.0
2235,120775,69848.0
2236,124879,22796.0
2237,119934,22256.0
2238,75040,37550.0
2239,73817,37916.0
2240,81207,21873.0
2241,85346,21500.0
2242,87359,84116.0
2243,92699,12626.0
2244,92537,37818.0
2245,96463,3525.0
2246,96166,129628.0
2247,95593,2321.0
2248,98258,2028.0
2249,100212,16384.0
2250,100134,91217.0
2251,101530,77314.0
2252,104412,10699.0
2253,105629,11597.0
2254,82172,218624.0
2255,84938,47947.0
2256,84472,48311.0
2257,87810,44772.0
2258,87690,
2259,86973,14347.0
2260,92225,41090.0
2261,91680,18282.0
2262,90583,18169.0
2263,96073,11082.0
2264,98625,5971.0
2265,102558,11933.0
2266,101523,20096.0
2267,102469,30815.0
2268,104257,881.0
2269,107211,4478.0
2270,109390,
2271,120788,22318.0
2272,120776,53113.0
2273,120812,2109.0
2274,113658,122289.0
2275,118736,24746.0
2276,120835,72987.0
2277,120162,193103.0
2278,122690,8195.0
2279,146336,9877.0
2280,118863,26618.0
2281,119802,21132.0
2282,126604,11855.0
2283,100594,24016.0
2284,109206,14785.0
2285,63850,14794.0
2286,80731,3486.0
2287,47573,11071.0
2288,84787,1091.0
2289,105151,10403.0
2290,81554,11337.0
2291,99487,162.0
2292,117276,25723.0
2293,144604,73351.0
2294,120587,8916.0
2295,120823,28134.0
2296,120770,9429.0
2297,120889,12159.0
2298,124102,27791.0
2299,52607,43106.0
2300,63462,30197.0
2301,82517,10156.0
2302,104952,10377.0
2303,73440,3121.0
2304,119577,4975.0
2305,139615,37532.0
2306,120701,9713.0
2307,122642,134368.0
2308,69966,85837.0
2309,141824,1039.0
2310,119670,9821.0
2311,86837,4437.0
2312,90830,1890.0
2313,80678,1955.0
2314,120603,39437.0
2315,144120,11932.0
2316,120791,6435.0
2317,119534,108316.0
2318,147612,10683.0
2319,119986,63709.0
2320,118636,9445.0
2321,120789,2657.0
2322,120157,9425.0
2323,150230,32326.0
2324,118799,637.0
2325,124819,8675.0
2326,143874,125762.0
2327,100740,20701.0
2328,120877,9945.0
2329,120586,73.0
2330,116481,18603.0
2331,120722,46889.0
2332,158493,12888.0
2333,120684,3033.0
2334,133952,9882.0
2335,120484,10663.0
2336,127536,4518.0
2337,120879,1808.0
2338,130018,3600.0
2339,155753,17037.0
2340,119643,297.0
2341,120643,5332.0
2342,116488,21589.0
2343,120767,8336.0
2344,89941,11893.0
2345,90934,123056.0
2346,73747,12223.0
2347,87932,32081.0
2348,91954,14924.0
2349,91538,10002.0
2350,99750,41817.0
2351,50783,19426.0
2352,85244,12560.0
2353,120660,9798.0
2354,134067,14444.0
2355,120623,9487.0
2356,120533,9466.0
2357,140888,666.0
2358,120070,2042.0
2359,166396,10162.0
2360,154420,309.0
2361,69089,692.0
2362,45826,24018.0
2363,47034,1678.0
2364,87344,39256.0
2365,56142,1680.0
2366,24216,244.0
2367,74751,10730.0
2368,91344,31947.0
2369,89017,8130.0
2370,89087,11532.0
2371,89155,9749.0
2372,97366,14628.0
2373,89893,9626.0
2374,91159,13698.0
2375,91541,10466.0
2376,90264,707.0
2377,89489,11954.0
2378,87928,9336.0
2379,89822,10157.0
2380,91777,12118.0
2381,93756,10587.0
2382,95882,11825.0
2383,98105,11895.0
2384,120595,9447.0
2385,119304,12257.0
2386,165494,37536.0
2387,124198,10029.0
2388,119248,27104.0
2389,155975,11252.0
2390,147004,8545.0
2391,120324,10223.0
2392,141109,9745.0
2393,120844,200.0
2394,120794,9837.0
2395,128445,11545.0
2396,138097,1934.0
2397,87688,110643.0
2398,39628,11881.0
2399,89961,13764.0
2400,98115,24951.0
2401,89767,8879.0
2402,89880,1369.0
2403,83944,1368.0
2404,95956,1370.0
2405,89370,10303.0
2406,88011,9326.0
2407,88933,10328.0
2408,94890,11285.0
2409,79817,1367.0
2410,84602,1371.0
2411,89927,1374.0
2412,100507,1375.0
2413,88930,15196.0
2414,90357,11904.0
2415,92173,215875.0
2416,90685,15596.0
2417,91188,13818.0
2418,91653,29968.0
2419,91024,44326.0
2420,87538,1885.0
2421,91326,8856.0
2422,97647,10495.0
2423,97958,5825.0
2424,128853,9489.0
2425,120706,16885.0
2426,120861,76857.0
2427,120863,8741.0
2428,133751,9276.0
2429,120751,9822.0
2430,41650,39314.0
2431,129290,10312.0
2432,120686,9441.0
2433,120633,9422.0
2434,142231,125582.0
2435,119336,24525.0
2436,120857,10368.0
2437,120514,11365.0
2438,144546,140897.0
2439,118564,31662.0
2440,127722,36136.0
2441,120699,1363.0
2442,150915,46992.0
2443,145734,825.0
2444,120391,22913.0
2445,132512,15556.0
2446,120710,28902.0
2447,139699,14709.0
2448,120458,9423.0
2449,93072,14443.0
2450,91225,10658.0
2451,93075,6917.0
2452,99636,40729.0
2453,90768,24086.0
2454,51622,11815.0
2455,91064,9426.0
2456,97368,10344.0
2457,91875,15698.0
2458,90660,2620.0
2459,72271,30497.0
2460,92076,16337.0
2461,99994,25018.0
2462,110978,16780.0
2463,91877,12151.0
2464,92112,25438.0
2465,90917,33278.0
2466,90710,274253.0
2467,91605,192.0
2468,91306,10945.0
2469,91738,10013.0
2470,90555,9671.0
2471,92493,9396.0
2472,92105,11038.0
2473,91991,12278.0
2474,90863,11873.0
2475,90567,18588.0
2476,91187,10015.0
2477,91055,12715.0
2478,92086,8388.0
2479,120683,45712.0
2480,119773,6187.0
2481,151691,8129.0
2482,149151,1618.0
2483,112922,10722.0
2484,120095,296543.0
2485,160862,10314.0
2486,138279,125548.0
2487,163984,47139.0
2488,54167,11167.0
2489,152548,170187.0
2490,120784,2112.0
2491,145893,16172.0
2492,138987,111794.0
2493,128133,9524.0
2494,174852,20595.0
2495,70544,16306.0
2496,124298,11622.0
2497,139462,10207.0
2498,120764,9849.0
2499,119207,82865.0
2500,155776,18892.0
2501,132477,13466.0
2502,151804,1542.0
2503,156901,43978.0
2504,137338,15256.0
2505,134273,8224.0
2506,123209,18417.0
2507,120618,12479.0
2508,181322,15031.0
2509,119054,15209.0
2510,134948,26425.0
2511,70334,1847.0
2512,84390,42113.0
2513,98084,8913.0
2514,105128,10906.0
2515,106557,25748.0
2516,109415,25749.0
2517,85333,8769.0
2518,84412,14742.0
2519,51744,15856.0
2520,65377,10671.0
2521,71110,27932.0
2522,75648,7227.0
2523,76636,10670.0
2524,72308,5919.0
2525,80354,33518.0
2526,79550,40160.0
2527,70909,2362.0
2528,74812,10803.0
2529,63442,871.0
2530,65462,1685.0
2531,69768,1705.0
2532,68408,1688.0
2533,67065,1687.0
2534,77189,166680.0
2535,71455,11123.0
2536,78740,29723.0
2537,78856,31638.0
2538,175550,113286.0
2539,122933,9535.0
2540,142192,9455.0
2541,139134,796.0
2542,120735,100.0
2543,127288,47501.0
2544,157208,77936.0
2545,159696,84586.0
2546,120646,30943.0
2547,125778,107946.0
2548,144814,7341.0
2549,131646,10350.0
2550,57129,11772.0
2551,94964,9540.0
2552,107626,31503.0
2553,54443,11773.0
2554,56931,30202.0
2555,118665,22345.0
2556,120859,53685.0
2557,157016,1567.0
2558,141098,1641.0
2559,160429,47288.0
2560,129332,10212.0
2561,139668,10354.0
2562,118682,11526.0
2563,118892,8583.0
2564,116192,123728.0
2565,49408,16520.0
2566,187819,16508.0
2567,131369,11374.0
2568,120757,16379.0
2569,122906,125123.0
2570,120613,28029.0
2571,133093,603.0
2572,147800,4951.0
2573,120274,65749.0
2574,129280,8970.0
2575,120449,9840.0
2576,116932,186705.0
2577,119665,30950.0
2578,127302,70687.0
2579,154506,11660.0
2580,139239,9430.0
2581,151738,11355.0
2582,105399,18764.0
2583,126250,9465.0
2584,166195,27455.0
2585,133363,1414.0
2586,119219,49981.0
2587,123964,6522.0
2588,341315,
2589,143261,114719.0
2590,136244,10209.0
2591,123923,25512.0
2592,139394,143299.0
2593,110570,22826.0
2594,125659,1902.0
2595,188996,445590.0
2596,133189,6396.0
2597,120836,39964.0
2598,120797,12596.0
2599,126886,9451.0
2600,120907,1946.0
2601,119546,89522.0
2602,76164,42230.0
2603,128370,139445.0
2604,168950,74140.0
2605,137494,1844.0
2606,138510,6552.0
2607,162973,24584.0
2608,120697,213985.0
2609,115669,25471.0
2610,138874,4154.0
2611,155388,28519.0
2612,37913,3309.0
2613,87799,18462.0
2614,90837,28941.0
2615,89652,18252.0
2616,99422,8592.0
2617,120616,564.0
2618,118826,13852.0
2619,188052,140519.0
2620,120865,25232.0
2621,115005,33194.0
2622,140379,10210.0
2623,160298,53862.0
2624,165078,17962.0
2625,115693,9460.0
2626,138414,4927.0
2627,120659,122190.0
2628,120915,1893.0
2629,166252,31342.0
2630,149723,44297.0
2631,120680,95627.0
2632,59643,8785.0
2633,23245,15849.0
2634,53085,18990.0
2635,37098,29242.0
2636,37099,29243.0
2637,32818,31498.0
2638,35096,29239.0
2639,82766,15660.0
2640,78346,1924.0
2641,81573,8536.0
2642,86393,9531.0
2643,94074,11411.0
2644,21814,138.0
2646,37793,30793.0
2647,36931,3103.0
2648,21884,3035.0
2649,31951,3077.0
2650,34786,3074.0
2651,35899,3076.0
2652,50280,3079.0
2653,36376,32023.0
2654,34398,13666.0
2655,89308,29794.0
2656,48696,9077.0
2657,73629,36685.0
2658,42469,43391.0
2659,84156,30168.0
2660,44121,10785.0
2661,45920,19483.0
2662,46534,8974.0
2663,48215,29959.0
2664,49366,11549.0
2665,49169,18158.0
2666,49370,27625.0
2667,49516,41516.0
2668,84745,17918.0
2669,53183,37305.0
2670,52151,18784.0
2671,125439,509.0
2672,139809,1090.0
2673,156794,24858.0
2674,126859,15059.0
2675,138590,55912.0
2676,128278,12117.0
2677,186508,11779.0
2678,126261,41730.0
2679,124555,84198.0
2680,139216,100568.0
2681,141105,13533.0
2682,164085,62676.0
2683,145660,817.0
2684,143924,265966.0
2685,156820,91598.0
2686,120802,14283.0
2687,120855,37135.0
2688,144214,2275.0
2689,184510,68426.0
2690,122541,24137.0
2691,120731,10376.0
2692,130827,104.0
2693,120370,15800.0
2694,142342,9032.0
2695,139898,13821.0
2696,119038,9421.0
2697,119743,55955.0
2698,120554,67067.0
2699,99052,6488.0
2700,158983,9473.0
2701,120891,8487.0
2702,162677,10279.0
2703,149964,125263.0
2704,101318,2767.0
2705,167925,78568.0
2706,163651,2105.0
2707,137363,1073.0
2708,137439,10239.0
2709,158811,10208.0
2710,185937,2667.0
2711,120899,48958.0
2712,120663,345.0
2713,139414,9825.0
2714,161100,16158.0
2715,120878,133575.0
2716,87332,620.0
2717,97428,2978.0
2718,157503,10490.0
2719,171363,11618.0
2720,141369,332.0
2721,162710,1812.0
2722,149261,8914.0
2723,132347,9824.0
2724,163187,4806.0
2725,162830,33430.0
2726,49406,247.0
2727,48254,10056.0
2728,54331,967.0
2729,56193,802.0
2730,72684,3175.0
2731,53198,147.0
2732,55032,1628.0
2733,96378,21185.0
2734,91557,11120.0
2735,91129,10136.0
2736,90774,32060.0
2737,92585,48686.0
2738,90886,48259.0
2739,88939,873.0
2740,91343,48660.0
2741,91637,26789.0
2742,92068,3934.0
2743,91613,108312.0
2744,91699,198469.0
2745,91530,11416.0
2746,91419,10776.0
2747,54033,24452.0
2748,92534,9710.0
2749,91554,31924.0
2750,93818,30890.0
2751,93051,24081.0
2752,93690,20242.0
2753,92627,39074.0
2754,92850,66194.0
2755,93415,2115.0
2756,94293,23599.0
2757,83967,3526.0
2758,89816,41166.0
2759,144168,16406.0
2760,129111,197239.0
2761,129167,10386.0
2762,167404,745.0
2763,155267,913.0
2764,63688,912.0
2765,122515,12229.0
2766,168449,67323.0
2767,120709,91076.0
2768,120210,89861.0
2769,138946,19457.0
2770,131325,11353.0
2771,120620,17707.0
2772,165710,9781.0
2773,176422,102489.0
2774,168987,18212.0
2775,138487,13817.0
2776,119614,126996.0
2777,15693,38715.0
2778,113965,48781.0
2779,77663,12185.0
2780,57449,29056.0
2781,53363,26857.0
2782,55304,28501.0
2783,59821,29030.0
2784,58333,25319.0
2785,56552,29074.0
2786,91178,24103.0
2787,88889,10552.0
2788,66765,9267.0
2789,77394,10766.0
2790,82377,10768.0
2791,80339,813.0
2792,83530,2665.0
2793,118604,9406.0
2794,89670,11418.0
2795,85995,11153.0
2796,95188,14170.0
2797,94737,2280.0
2798,100419,11077.0
2799,102719,28597.0
2800,104740,22611.0
2801,119843,39780.0
2802,96244,10396.0
2803,107798,9944.0
2804,85334,850.0
2805,130121,10154.0
2806,133046,10342.0
2807,176269,10366.0
2808,105698,9349.0
2809,188863,15122.0
2810,156887,10494.0
2811,119692,126152.0
2812,160401,22314.0
2813,181833,51679.0
2814,52602,35813.0
2815,91278,11037.0
2816,95382,11955.0
2817,103617,2038.0
2818,113438,28737.0
2819,73802,11963.0
2820,58175,141489.0
2821,10418,53761.0
2822,104839,9096.0
2823,10726,91893.0
2824,181733,113273.0
2825,163185,103793.0
2826,120657,1911.0
2827,138304,2900.0
2828,160236,17709.0
2829,164108,37718.0
2830,169145,47144.0
2831,160216,104896.0
2832,144286,30964.0
2833,119586,52366.0
2834,120747,6373.0
2835,163579,2162.0
2836,125971,14578.0
2837,126810,40694.0
2838,125211,4338.0
2839,157183,49184.0
2840,145531,10307.0
2841,164181,11601.0
2842,133412,18621.0
2843,118843,1075.0
2844,151582,21719.0
2845,178988,40879.0
2846,97050,47951.0
2847,31762,43832.0
2848,45251,47697.0
2849,102741,49792.0
2850,107895,77064.0
2851,81454,
2852,88146,26522.0
2853,76150,23761.0
2854,69994,24097.0
2855,86014,42114.0
2856,59297,28295.0
2857,63823,12105.0
2858,169547,14.0
2859,88178,24128.0
2860,181316,11001.0
2861,126916,10390.0
2862,80491,9453.0
2863,58182,704.0
2864,127296,35122.0
2865,173390,142132.0
2866,77280,24153.0
2867,89175,11797.0
2868,97390,18086.0
2869,111342,124475.0
2870,61385,17887.0
2871,68473,10669.0
2872,82348,11527.0
2873,125879,42848.0
2874,50814,40867.0
2875,108185,1049.0
2876,111419,28032.0
2877,73812,11326.0
2878,82511,28377.0
2879,99558,10975.0
2880,91431,10974.0
2881,150377,10398.0
2882,120716,2290.0
2883,140397,24071.0
2884,129884,62994.0
2885,160338,60994.0
2886,159421,16112.0
2887,168172,32305.0
2888,164114,14429.0
2889,134618,15198.0
2890,120188,6415.0
2891,162360,24066.0
2892,133122,21430.0
2893,134033,10381.0
2894,194314,26338.0
2895,68990,42486.0
2896,60095,60285.0
2897,87188,5622.0
2898,106664,10349.0
2899,31397,42518.0
2900,95652,29787.0
2901,79714,9638.0
2902,86154,10576.0
2903,91799,12662.0
2904,23369,61369.0
2905,56443,11712.0
2906,156934,12618.0
2907,167427,13824.0
2908,171804,226.0
2909,150574,288772.0
2910,168740,55107.0
2911,176415,69851.0
2912,165854,10388.0
2913,165874,17198.0
2914,143746,44857.0
2915,86200,9346.0
2916,100802,861.0
2917,82089,14412.0
2918,91042,9377.0
2919,86617,11541.0
2920,37674,2457.0
2921,68699,11901.0
2922,61747,4929.0
2923,76123,85325.0
2924,80179,11230.0
2925,65571,8416.0
2926,95270,11054.0
2927,37558,851.0
2928,87980,24453.0
2929,82979,18254.0
2930,176093,56235.0
2931,97223,20123.0
2932,77405,16642.0
2933,57058,2593.0
2934,90636,42020.0
2935,33804,3086.0
2936,34240,16305.0
2937,35169,32255.0
2938,91214,48797.0
2939,46126,19997.0
2940,38559,3767.0
2941,52225,17352.0
2942,85549,535.0
2943,104507,2731.0
2944,61578,1654.0
2945,87722,31043.0
2946,59260,14831.0
2947,58150,658.0
2948,57076,657.0
2949,55928,646.0
2950,80453,5689.0
2951,58461,391.0
2952,119256,8052.0
2953,104431,772.0
2954,79709,65448.0
2955,84485,65452.0
2956,94008,31650.0
2957,17423,73575.0
2958,133117,302579.0
2959,137523,550.0
2960,187712,97537.0
2961,160916,12220.0
2962,119114,1610.0
2963,160672,53151.0
2964,192194,42881.0
2965,203408,29064.0
2966,166896,404.0
2967,48977,42196.0
2968,81633,36819.0
2969,61138,42726.0
2970,83946,9343.0
2971,78754,16858.0
2972,93206,42006.0
2973,97123,11562.0
2974,200469,10496.0
2975,168501,16162.0
2976,163988,8649.0
2977,142201,31306.0
2978,144640,10563.0
2979,172627,14484.0
2980,148462,214735.0
2981,72742,94857.0
2982,99710,32043.0
2983,59319,15247.0
2984,67527,29251.0
2985,93870,5548.0
2986,100502,5549.0
2987,96438,856.0
2988,81150,38772.0
2989,82398,699.0
2990,97742,709.0
2991,70328,253.0
2992,91829,13511.0
2993,59800,660.0
2994,168589,46798.0
2995,185371,11377.0
2996,166943,26149.0
2997,120601,492.0
2998,144178,108346.0
2999,154827,98480.0
3000,119698,128.0
3001,157075,46286.0
3002,200849,8672.0
3003,170705,8056.0
3004,120596,2020.0
3005,145681,9481.0
3006,140352,9008.0
3007,181288,14242.0
3008,156729,16129.0
3009,117365,104103.0
3010,200071,11489.0
3011,65088,28145.0
3012,16630,51371.0
3013,99180,18111.0
3014,82121,31361.0
3015,77355,11223.0
3016,83767,16281.0
3017,92796,16288.0
3018,89885,1694.0
3019,97240,476.0
3020,106856,37094.0
3021,82427,13555.0
3022,17925,961.0
3023,18183,73969.0
3024,78087,24831.0
3025,62218,64963.0
3026,93990,85160.0
3028,61407,25560.0
3029,82817,21610.0
3030,55630,11878.0
3031,100475,11510.0
3032,67525,11234.0
3033,94012,957.0
3034,70608,11886.0
3035,48380,37853.0
3036,82484,62204.0
3037,65988,11040.0
3038,50371,21849.0
3039,86465,1621.0
3040,79540,14035.0
3041,87700,40771.0
3042,93516,40772.0
3043,104837,40773.0
3044,101669,11498.0
3045,105130,11790.0
3046,113416,29371.0
3047,83911,276635.0
3048,83254,47941.0
3049,61789,29048.0
3050,172726,19052.0
3051,149691,21349.0
3052,120655,1832.0
3053,151137,10047.0
3054,190641,10228.0
3055,165773,47692.0
3056,160620,18561.0
3057,118150,144953.0
3058,32215,37426.0
3059,32283,51787.0
3060,101605,11663.0
3061,34862,13485.0
3062,56197,9289.0
3063,105156,9264.0
3064,119908,18222.0
3065,114008,124853.0
3066,66473,11165.0
3067,95675,4203.0
3068,84855,24226.0
3069,68528,88875.0
3070,86856,11379.0
3071,94027,29154.0
3072,93565,2039.0
3073,59674,77915.0
3074,68762,11943.0
3075,59646,11481.0
3076,57187,2690.0
3077,164312,20565.0
3078,165859,27141.0
3079,178737,10399.0
3080,179196,90762.0
3081,162661,2668.0
3082,143145,36643.0
3083,185125,99.0
3084,144969,159569.0
3085,84357,77010.0
3086,24852,25898.0
3087,96061,9647.0
3088,42546,11787.0
3089,40522,5156.0
3090,93509,24276.0
3091,80979,11953.0
3092,55850,44662.0
3093,67411,29005.0
3094,93512,26371.0
3095,32551,596.0
3096,50738,52470.0
3097,33045,20334.0
3098,87781,11393.0
3099,73692,31121.0
3100,105265,293.0
3101,93010,10998.0
3102,89360,12235.0
3103,100680,36094.0
3104,95631,9013.0
3105,99077,11005.0
3106,99291,59820.0
3107,101393,2924.0
3108,101889,177.0
3109,88007,38557.0
3110,87091,42087.0
3111,87921,13681.0
3112,90556,34760.0
3113,146675,9946.0
3114,120363,863.0
3115,155711,31582.0
3116,189744,125520.0
3117,134154,22267.0
3118,161023,55123.0
3119,67656,5486.0
3120,104114,10411.0
3121,45877,41462.0
3122,33021,1718.0
3123,97717,28604.0
3124,160509,15506.0
3125,172396,20024.0
3126,48034,78256.0
3127,144715,13787.0
3128,160513,54933.0
3129,158371,9684.0
3130,99165,9586.0
3131,118780,41638.0
3132,10040,70801.0
3133,15863,33015.0
3134,28950,777.0
3135,79239,21887.0
3136,50558,5652.0
3137,81470,19664.0
3138,96171,32331.0
3139,24645,76083.0
3140,14538,32628.0
3141,100828,32669.0
3142,96328,18161.0
3143,63056,31681.0
3144,60463,33666.0
3145,150216,32274.0
3146,205000,10402.0
3147,120689,497.0
3148,124315,1715.0
3149,167423,35118.0
3150,141974,42739.0
3151,20668,26162.0
3152,67328,25188.0
3153,51337,15515.0
3154,37547,75888.0
3155,166485,1439.0
3156,182789,2277.0
3157,164912,10137.0
3158,162866,10387.0
3159,120910,49948.0
3160,175880,334.0
3161,119079,30237.0
3162,174204,50116.0
3163,151568,46435.0
3164,64006,94260.0
3165,106455,22213.0
3166,96978,47070.0
3167,66892,36492.0
3168,64276,624.0
3169,87231,26578.0
3170,32590,415072.0
3171,53226,43103.0
3172,47630,43194.0
3173,146838,9563.0
3174,125664,1850.0
3175,177789,926.0
3176,134119,1213.0
3177,195945,10471.0
3178,174856,10400.0
3179,145653,10397.0
3180,196857,20761.0
3181,120866,12524.0
3182,192335,28216.0
3183,174268,36773.0
3184,119699,30814.0
3185,120834,10219.0
3186,172493,3558.0
3187,169333,104878.0
3188,208261,41276.0
3189,156812,17908.0
3190,134983,10384.0
3191,169156,125317.0
3192,169302,48233.0
3193,198385,581335.0
3194,70903,10236.0
3195,13662,71067.0
3196,46359,632.0
3197,95897,11851.0
3198,70511,5924.0
3199,50815,33734.0
3200,70290,14886.0
3201,65724,26617.0
3202,65436,11900.0
3203,97162,10493.0
3204,77269,16241.0
3205,54067,27632.0
3206,86859,22160.0
3207,45162,4460.0
3208,107659,9644.0
3209,40552,43455.0
3210,83929,13342.0
3211,94924,35119.0
3212,66856,21256.0
3213,106364,14919.0
3214,88707,14040.0
3215,75406,75641.0
3216,66380,17343.0
3217,29606,22692.0
3218,102687,47620.0
3219,100318,2990.0
3220,55230,38775.0
3221,83851,10831.0
3222,87034,21193.0
3223,90366,33078.0
3224,58625,16672.0
3225,186975,10472.0
3226,197544,123277.0
3227,117131,79474.0
3228,153866,97805.0
3229,44364,53714.0
3230,71935,21489.0
3231,11652,51392.0
3232,16332,32600.0
3233,62281,110479.0
3234,78412,299121.0
3235,81748,13005.0
3236,68011,65134.0
3237,183065,121738.0
3238,120662,18681.0
3239,141399,75531.0
3240,156639,20468.0
3241,201840,14521.0
3242,126651,46835.0
3243,104187,10406.0
3244,76095,14741.0
3245,58604,32015.0
3246,104797,1883.0
3247,105417,2005.0
3248,108147,6279.0
3249,104389,11087.0
3250,106246,7305.0
3251,88683,24735.0
3252,105323,9475.0
3253,105793,8872.0
3254,108525,8873.0
3255,104694,11287.0
3256,105112,9869.0
3257,103855,619.0
3258,104070,9374.0
3259,104231,11259.0
3260,104454,8293.0
3261,105415,11068.0
3262,105665,1923.0
3263,105812,10158.0
3264,103893,10206.0
3265,104684,11782.0
3266,103905,10086.0
3267,104815,9367.0
3268,105477,9876.0
3269,104291,10326.0
3270,104040,16562.0
3271,105046,9609.0
3272,103759,12143.0
3273,134084,4234.0
3274,105414,9605.0
3275,144117,8374.0
3276,171356,29076.0
3277,185154,80471.0
3278,192069,49477.0
3279,143344,121940.0
3280,69754,28156.0
3281,144801,113096.0
3282,116102,106837.0
3283,67433,24349.0
3284,67848,27841.0
3285,163978,1907.0
3286,184907,15489.0
3287,220099,15655.0
3288,159373,68546.0
3289,209189,36210.0
3290,171764,279444.0
3291,217107,77908.0
3292,47878,22342.0
3293,118882,96484.0
3294,74455,30062.0
3295,107920,62463.0
3296,62376,25934.0
3297,20594,101383.0
3298,181984,14181.0
3299,162983,10385.0
3300,134847,2787.0
3301,190138,2069.0
3302,159272,61416.0
3303,221023,79515.0
3304,77248,14839.0
3305,36653,42186.0
3306,18773,28978.0
3307,21749,901.0
3308,87265,25010.0
3309,9018,36208.0
3310,12349,10098.0
3311,48342,18264.0
3312,73902,291861.0
3313,84395,33374.0
3314,44420,43368.0
3315,43618,127602.0
3316,184858,2155.0
3317,185014,11004.0
3318,158583,25212.0
3319,181618,36048.0
3320,164756,139.0
3321,235872,210307.0
3322,199290,47816.0
3323,194368,20682.0
3324,186045,25166.0
3325,156841,1831.0
3326,181151,10416.0
3327,218043,14271.0
3328,165798,4816.0
3329,94347,19958.0
3330,55471,28569.0
3331,85980,2193.0
3332,56173,64871.0
3333,63185,54575.0
3334,40506,11016.0
3335,47127,23020.0
3336,55024,54195.0
3337,61801,139058.0
3338,97372,20423.0
3339,74695,10839.0
3340,47898,36489.0
3341,42276,24481.0
3342,86969,11296.0
3343,92559,61651.0
3344,56875,28172.0
3345,62793,57855.0
3346,59044,28180.0
3347,86005,14280.0
3348,66141,72086.0
3349,39698,149687.0
3350,55353,29478.0
3351,58694,28177.0
3352,171135,64166.0
3353,218112,73642.0
3354,183523,2067.0
3355,142688,622.0
3356,154352,110666.0
3357,181530,28463.0
3358,101698,12186.0
3359,78902,20283.0
3360,91217,5693.0
3361,94812,287.0
3362,72890,968.0
3363,69704,838.0
3364,42208,16958.0
3365,49730,3114.0
3367,62886,31938.0
3368,51411,12501.0
3369,57344,22650.0
3370,94731,31618.0
3371,74235,42232.0
3372,64110,15873.0
3373,68323,26928.0
3374,104057,68427.0
3375,42393,25392.0
3376,41705,67455.0
3377,35966,22178.0
3378,118043,48213.0
3379,53137,35412.0
3380,39748,43463.0
3381,117664,59939.0
3382,28282,159727.0
3383,28629,244151.0
3384,72251,8333.0
3385,90274,19259.0
3386,102138,820.0
3387,98645,11718.0
3388,93148,8989.0
3389,91400,32031.0
3390,91934,58048.0
3391,94321,26827.0
3392,98309,11157.0
3393,92834,28370.0
3394,92666,918.0
3395,93596,61178.0
3396,79588,11176.0
3397,82474,14900.0
3398,87755,11899.0
3399,89994,36536.0
3400,108526,18890.0
3401,88760,19736.0
3402,90219,123047.0
3403,81400,24575.0
3404,46435,16535.0
3405,51994,10971.0
3406,43379,23928.0
3407,201538,31336.0
3408,195685,462.0
3409,195714,9532.0
3410,180181,117259.0
3411,168475,78231.0
3412,95800,2383.0
3413,41503,25503.0
3414,48316,53879.0
3415,72443,1396.0
3417,44517,11570.0
3418,103074,1541.0
3419,66392,150043.0
3420,78718,17443.0
3421,77975,8469.0
3422,91939,27995.0
3423,96054,36739.0
3424,97216,925.0
3425,100168,41823.0
3426,102175,1713.0
3427,62824,26170.0
3428,78950,30547.0
3429,99317,54825.0
3430,71402,13939.0
3431,82250,14373.0
3432,89003,24873.0
3433,92857,26263.0
3434,109578,34746.0
3435,36775,996.0
3436,101787,9079.0
3437,101615,1496.0
3438,100758,1498.0
3439,103060,1497.0
3440,108308,1499.0
3441,87985,1880.0
3442,90693,33762.0
3443,91313,103960.0
3444,92675,11690.0
3445,77530,29143.0
3446,113133,35292.0
3447,28944,36652.0
3448,93105,801.0
3449,95238,104301.0
3450,107050,11520.0
3451,61735,1879.0
3452,165929,2085.0
3453,195778,13539.0
3454,202402,16222.0
3455,146516,109479.0
3456,191043,17078.0
3457,127349,37722.0
3458,98251,75892.0
3459,91142,33516.0
3460,61765,99008.0
3461,57261,9960.0
3462,27977,3082.0
3463,110629,49338.0
3465,92079,52961.0
3466,107091,12187.0
3467,57163,24748.0
3468,54997,990.0
3469,53946,1908.0
3470,71411,9764.0
3471,75860,840.0
3472,53719,39890.0
3473,74718,42237.0
3474,117468,26689.0
3475,43924,25673.0
3476,99871,2291.0
3477,112950,13531.0
3478,93378,16620.0
3479,89457,526.0
3480,91445,13346.0
3481,146882,243.0
3483,138749,10501.0
3484,192614,11478.0
3485,73327,96167.0
3486,46907,24212.0
3487,61619,6644.0
3488,52888,41038.0
3489,102057,879.0
3490,68713,32613.0
3491,91579,39406.0
3492,17416,85689.0
3493,69920,31624.0
3494,65126,17529.0
3495,105267,40841.0
3496,95564,118098.0
3497,85919,1793.0
3498,77928,11327.0
3499,100157,1700.0
3500,104928,54087.0
3501,89643,34322.0
3502,107630,41659.0
3503,69293,593.0
3504,74958,10774.0
3505,93640,10083.0
3506,79640,29786.0
3507,63374,11356.0
3508,75029,10747.0
3509,165643,38809.0
3510,186151,10559.0
3511,217756,20697.0
3512,122459,2621.0
3513,160797,10479.0
3514,172632,125709.0
3515,183503,49721.0
3516,51406,2006.0
3517,16640,184885.0
3518,119062,46625.0
3519,77572,17339.0
3520,59287,26879.0
3521,97940,11305.0
3522,67698,48211.0
3523,96211,28975.0
3524,82031,13665.0
3525,86927,12309.0
3526,98067,1552.0
3527,93773,106.0
3528,102713,10333.0
3529,82934,11027.0
3530,108167,61560.0
3531,99014,123757.0
3533,57710,27197.0
3534,191754,10468.0
3535,144084,1359.0
3536,171433,4967.0
3537,149367,31776.0
3538,166175,10557.0
3539,236216,27745.0
3540,160644,19214.0
3541,179063,46686.0
3542,64180,71402.0
3543,83833,13776.0
3544,102898,26291.0
3545,68327,10784.0
3546,56687,10242.0
3547,93776,27857.0
3548,51383,16347.0
3549,48140,4825.0
3550,85701,11654.0
3551,74860,10518.0
3552,80487,11977.0
3553,176783,18041.0
3554,199725,14736.0
3555,141926,3536.0
3556,159097,1443.0
3557,104549,10424.0
3558,51852,80677.0
3559,44837,28971.0
3560,77132,49096.0
3561,84723,310431.0
3562,144142,40562.0
3563,132910,9456.0
3564,158622,889.0
3565,198021,10564.0
3566,189584,15723.0
3567,180837,19600.0
3568,162348,125537.0
3569,154421,452.0
3570,180793,68170.0
3571,220100,36234.0
3572,106521,39283.0
3573,112634,65460.0
3574,115834,55667.0
3575,156460,31978.0
3576,93185,12476.0
3577,96324,5241.0
3578,172495,98.0
3579,167203,21311.0
3580,153464,47724.0
3581,188674,11129.0
3582,210130,94214.0
3583,53726,117781.0
3584,85276,1058.0
3585,49279,37112.0
3586,80913,42159.0
3587,80923,16395.0
3588,68805,50627.0
3589,60749,5608.0
3590,71772,38925.0
3591,85970,13105.0
3592,84315,22501.0
3593,185183,5491.0
3594,210616,10560.0
3595,165831,19489.0
3596,156323,19419.0
3597,174336,23531.0
3598,171359,10688.0
3599,37514,17889.0
3600,54692,18228.0
3601,71288,80351.0
3602,53848,18642.0
3603,64363,205054.0
3604,56048,39391.0
3605,51818,18644.0
3606,41716,31516.0
3607,70481,45827.0
3608,89791,5683.0
3609,181786,113279.0
3610,58534,2094.0
3611,36326,14906.0
3612,75232,16176.0
3613,96259,52770.0
3614,104438,12518.0
3615,130623,10567.0
3616,217630,10642.0
3617,215129,9285.0
3618,196216,10569.0
3619,80881,21879.0
3620,119746,98502.0
3621,82933,21484.0
3622,66495,24918.0
3623,120755,955.0
3624,184894,8584.0
3625,207998,47295.0
3626,154443,11332.0
3627,55830,16093.0
3628,34742,29372.0
3629,15864,962.0
3630,68863,5483.0
3631,116661,21060.0
3632,39631,30588.0
3633,64757,668.0
3634,58576,23518.0
3635,76752,691.0
3636,118834,31353.0
3637,89960,44018.0
3638,79574,698.0
3639,71807,682.0
3640,50598,28973.0
3641,14624,28974.0
3642,34889,40685.0
3643,36824,22994.0
3644,32383,40639.0
3645,55852,499.0
3646,208003,9600.0
3647,173910,120077.0
3648,50095,38006.0
3649,80365,2768.0
3650,90644,42002.0
3651,69029,40365.0
3652,81318,24920.0
3653,60371,21.0
3654,54953,10911.0
3655,70130,10102.0
3656,39589,30308.0
3657,43899,38688.0
3658,62168,26912.0
3659,50873,26278.0
3662,102728,26956.0
3663,107899,26957.0
3664,110916,26958.0
3665,132451,26959.0
3666,189047,26960.0
3667,95977,80287.0
3668,63518,6003.0
3669,105466,23939.0
3670,38120,46614.0
3671,71230,11072.0
3672,71206,23069.0
3673,92638,21299.0
3674,76044,38802.0
3675,47673,13368.0
3676,74486,985.0
3677,103767,14002.0
3678,48347,541.0
3679,82252,21137.0
3680,94980,36724.0
3681,59578,938.0
3682,70355,10648.0
3683,86979,11368.0
3684,97322,10875.0
3685,89841,2075.0
3686,99582,1551.0
3687,95525,22500.0
3688,84522,10246.0
3689,86129,19698.0
3690,89826,23919.0
3691,86143,18835.0
3692,90849,26554.0
3693,90190,15239.0
3694,98503,28165.0
3695,98502,28169.0
3696,91630,15762.0
3697,100403,169.0
3698,93894,865.0
3699,88172,9663.0
3700,87004,26889.0
3701,94631,10128.0
3702,79501,9659.0
3703,82694,8810.0
3704,89530,9355.0
3705,99141,1727.0
3706,92563,635.0
3707,91635,10068.0
3708,87262,11495.0
3709,105428,11428.0
3710,94612,10117.0
3711,105316,35936.0
3712,102951,25562.0
3713,100046,51763.0
3714,94882,73079.0
3715,92710,38921.0
3716,93011,35463.0
3717,187078,9679.0
3718,179074,24587.0
3719,182295,51333.0
3720,145503,17771.0
3721,162711,31610.0
3722,143422,60005.0
3723,99726,10264.0
3724,77362,31657.0
3725,82009,29204.0
3726,74156,17814.0
3727,93605,11879.0
3728,102592,21128.0
3729,67741,482.0
3730,71360,592.0
3731,82220,31593.0
3732,77588,12611.0
3733,70509,14328.0
3734,82945,32047.0
3735,70666,9040.0
3736,43338,25364.0
3737,56195,43002.0
3738,72226,5121.0
3739,23622,195.0
3740,90728,6978.0
3741,69762,3133.0
3742,15648,643.0
3743,204175,10571.0
3744,162650,479.0
3745,120913,7450.0
3746,188030,31023.0
3747,186253,25636.0
3748,165384,41160.0
3749,189142,47439.0
3750,217287,207731.0
3751,120630,7443.0
3752,183505,2123.0
3753,187393,2024.0
3754,131704,17711.0
3755,177971,2133.0
3756,200669,29946.0
3757,68230,25993.0
3758,97100,28774.0
3759,39404,46929.0
3760,76257,11598.0
3761,106469,9702.0
3762,50292,117026.0
3763,89118,9873.0
3764,101846,16820.0
3765,99797,14864.0
3766,87727,15379.0
3767,89604,12764.0
3768,94792,27352.0
3769,72288,8348.0
3770,87175,24099.0
3771,71569,17897.0
3772,64904,28050.0
3773,99800,16094.0
3774,102065,16096.0
3775,38718,20343.0
3776,40580,13757.0
3777,93608,11822.0
3778,40664,90980.0
3779,46213,26270.0
3780,42897,37744.0
3781,70679,494.0
3782,69257,493.0
3783,159382,12706.0
3784,219854,4244.0
3785,175142,4247.0
3786,179116,20770.0
3787,215369,1050.0
3788,60176,1052.0
3789,59575,20540.0
3790,212974,23655.0
3791,87277,1788.0
3792,38499,32275.0
3793,120903,36657.0
3794,200530,44490.0
3795,168794,47585.0
3796,120894,1448.0
3797,163676,36047.0
3798,161081,2655.0
3799,210234,12599.0
3800,205735,33828.0
3801,52561,93.0
3802,104299,9278.0
3803,68659,90715.0
3804,79257,59181.0
3805,82622,22167.0
3806,64615,18118.0
3807,76716,11940.0
3808,54749,24167.0
3809,103241,10276.0
3810,105813,19380.0
3811,80310,13783.0
3812,68555,11624.0
3813,77742,15867.0
3814,73312,11686.0
3816,89276,29263.0
3817,117817,46754.0
3818,34055,18702.0
3819,92048,11830.0
3820,205461,16110.0
3821,144528,12107.0
3822,144201,10401.0
3823,171865,32640.0
3824,174480,10641.0
3825,200550,6282.0
3826,164052,9383.0
3827,186566,5551.0
3828,131972,277726.0
3829,156757,43079.0
3830,206226,27723.0
3831,195234,2360.0
3832,57603,28043.0
3833,52646,33468.0
3834,80472,21866.0
3835,106627,33408.0
3836,65938,11589.0
3837,95863,15158.0
3838,110823,16139.0
3839,138703,16146.0
3840,95925,26515.0
3841,99005,11856.0
3843,86320,13567.0
3844,98384,10860.0
3845,49189,8420.0
3846,85470,18391.0
3847,71650,20850.0
3848,111187,39473.0
3849,38975,27452.0
3850,65206,77571.0
3851,251739,38548.0
3852,234853,20438.0
3853,165986,274868.0
3854,130444,2211.0
3855,204709,46991.0
3856,120593,201581.0
3857,163983,10391.0
3858,173716,14195.0
3859,233687,15665.0
3860,138681,45905.0
3861,191397,10393.0
3862,199314,18168.0
3863,209958,8843.0
3864,188640,10643.0
3865,236388,23618.0
3866,178050,117262.0
3867,176426,30946.0
3868,95705,37136.0
3869,102510,37137.0
3870,32881,23283.0
3871,46303,3110.0
3872,53318,14698.0
3873,59017,11694.0
3874,118018,47434.0
3875,62885,39891.0
3876,120867,76891.0
3877,88206,9651.0
3878,49967,26865.0
3879,160009,11398.0
3880,236008,161687.0
3881,168515,26244.0
3882,204946,1588.0
3883,162903,287821.0
3884,198386,19150.0
3885,234137,25128.0
3886,161216,18153.0
3887,157182,30910.0
3888,209322,41282.0
3889,144964,12211.0
3890,259207,137236.0
3891,216772,9995.0
3892,187696,1698.0
3893,171580,10480.0
3894,190798,80713.0
3895,204626,10685.0
3896,202677,1619.0
3897,181875,786.0
3898,211938,14805.0
3899,191037,51179.0
3900,197384,46119.0
3901,134630,18074.0
3902,210717,170767.0
3903,182508,77332.0
3904,188694,27665.0
3905,181836,29015.0
3906,164212,10562.0
3907,170452,201724.0
3908,192731,12212.0
3909,206420,14629.0
3910,168629,16.0
3911,218839,13785.0
3912,210567,34299.0
3913,211219,15752.0
3914,222850,22597.0
3915,210075,19348.0
3916,210945,10637.0
3917,93177,9003.0
3918,95294,9064.0
3919,104409,11569.0
3920,107209,10434.0
3921,56860,26484.0
3922,57887,39113.0
3923,53219,38126.0
3924,58440,53617.0
3925,88184,469.0
3926,55608,2160.0
3927,60397,2161.0
3928,40068,3073.0
3929,32234,911.0
3930,46876,10973.0
3931,52846,34077.0
3932,24184,10787.0
3933,52969,43109.0
3934,50610,43230.0
3936,36261,15855.0
3937,88024,9507.0
3938,84695,27475.0
3939,93996,27764.0
3940,100639,27767.0
3941,91990,40760.0
3942,100663,40446.0
3943,215545,24664.0
3944,210584,21370.0
3945,259974,20455.0
3946,208988,10461.0
3947,67128,1485.0
3948,212338,1597.0
3949,180093,641.0
3950,170691,10687.0
3951,202641,63956.0
3952,208874,6521.0
3953,205271,10763.0
3954,162236,100975.0
3955,213790,16888.0
3956,160484,10383.0
3957,66832,21142.0
3958,75754,78140.0
3959,54387,2134.0
3960,113269,18801.0
3961,89200,18498.0
3962,93091,28605.0
3963,58708,42797.0
3964,41094,13465.0
3965,38988,27033.0
3966,37638,20367.0
3967,249462,71.0
3968,230030,1636.0
3969,223897,10647.0
3970,82307,19204.0
3971,81376,13762.0
3972,111512,12207.0
3973,229260,11531.0
3974,192255,24100.0
3975,219952,10783.0
3976,192949,47302.0
3977,160127,4327.0
3978,146984,4958.0
3979,185431,9678.0
3980,203019,11978.0
3981,199753,8870.0
3982,197096,77434.0
3983,203230,14295.0
3984,66995,681.0
3985,74452,11372.0
3986,216216,8452.0
3987,186894,10862.0
3988,170016,8871.0
3989,230591,34045.0
3990,213203,16340.0
3991,211181,10481.0
3992,213847,10867.0
3993,180073,10876.0
3994,217869,9741.0
3995,265101,79920.0
3996,190332,146.0
3997,190374,11849.0
3998,228750,11983.0
3999,190865,11678.0
4000,86993,2669.0
4001,88936,20721.0
4002,93748,2609.0
4003,96094,12714.0
4004,120090,92603.0
4005,93428,708.0
4006,92106,1857.0
4007,94291,10673.0
4008,96969,2604.0
4009,96219,10132.0
4010,88850,11064.0
4011,208092,107.0
4012,95927,40820.0
4013,156807,37716.0
4014,241303,392.0
4015,242423,8859.0
4016,120917,11688.0
4017,183659,12509.0
4018,207201,3981.0
4019,181536,711.0
4020,219699,2046.0
4021,247196,5001.0
4022,162222,8358.0
4023,218967,5994.0
4024,200720,25520.0
4025,212346,1493.0
4026,223530,25660.0
4027,190590,134.0
4028,210299,62677.0
4029,120202,21991.0
4030,219653,10577.0
4031,149624,21355.0
4032,218182,29122.0
4033,146309,11973.0
4034,181865,1900.0
4035,218378,44853.0
4036,189998,10873.0
4037,93223,26719.0
4038,97662,31583.0
4039,83564,15739.0
4040,101757,15413.0
4041,84434,2623.0
4042,53580,11209.0
4043,90670,13715.0
4044,75783,19108.0
4045,72735,8043.0
4046,49233,43258.0
4047,107007,10655.0
4048,110115,75490.0
4049,73605,42261.0
4050,218625,34794.0
4051,56600,
4052,218817,9989.0
4053,238948,18828.0
4054,206275,9816.0
4055,194218,20637.0
4056,237572,5955.0
4057,176883,125498.0
4058,212423,77825.0
4059,213446,220976.0
4060,104765,66599.0
4061,102388,17474.0
4062,95690,11191.0
4063,105165,2613.0
4064,69897,22021.0
4065,71517,22048.0
4066,95348,17006.0
4067,108451,26333.0
4068,186589,16723.0
4069,209475,2018.0
4070,118614,31768.0
4071,116119,287991.0
4072,157122,47595.0
4073,178642,18856.0
4074,234805,10499.0
4075,188506,37949.0
4076,162024,83500.0
4077,216800,47943.0
4078,92545,74340.0
4079,92546,5709.0
4080,92605,11215.0
4081,92608,26477.0
4082,92618,10937.0
4083,92641,4639.0
4084,92644,96.0
4085,86960,90.0
4086,92654,11028.0
4087,92655,57240.0
4088,92656,67307.0
4089,92690,19324.0
4090,92695,19933.0
4091,92718,12919.0
4092,92746,15785.0
4093,92783,31701.0
4094,92798,31563.0
4095,92804,12506.0
4096,92809,74747.0
4097,92842,70199.0
4098,92843,39507.0
4099,92854,62185.0
4100,92897,24826.0
4101,92904,30994.0
4102,92948,17159.0
4103,92965,10110.0
4104,92974,18935.0
4105,83907,764.0
4106,92997,20287.0
4107,93006,26964.0
4108,93029,71881.0
4109,93036,15658.0
4110,93044,4918.0
4111,93073,28368.0
4112,93092,58084.0
4113,93093,52780.0
4114,93104,48149.0
4115,93186,26156.0
4116,93200,34101.0
4117,93209,32054.0
4118,93215,14464.0
4119,93225,65501.0
4120,93231,32227.0
4121,93260,2614.0
4122,93277,40962.0
4123,93278,12704.0
4124,93300,580.0
4125,93405,24828.0
4126,93407,13703.0
4127,93418,36914.0
4128,93437,1547.0
4129,93467,42010.0
4130,93476,2608.0
4131,93477,32058.0
4132,93493,10019.0
4133,93507,11649.0
4134,93539,84499.0
4135,93560,13509.0
4136,93562,63639.0
4137,93567,30175.0
4138,93589,51521.0
4139,93638,34379.0
4140,93648,22915.0
4141,192111,24940.0
4142,190524,37302.0
4143,242998,10984.0
4144,118694,843.0
4145,177769,121091.0
4146,120753,318.0
4147,250478,12806.0
4148,212985,9740.0
4149,239948,10878.0
4150,230783,47588.0
4151,216787,10697.0
4152,190861,7093.0
4153,231775,16300.0
4154,265632,19405.0
4155,230838,1921.0
4156,177650,44412.0
4157,249893,21620.0
4158,166276,23685.0
4159,233142,12138.0
4160,191636,48217.0
4161,236493,6073.0
4162,250720,39180.0
4163,262462,35569.0
4164,182000,25208.0
4165,244504,82103.0
4166,251031,19513.0
4167,179626,2749.0
4168,192071,10050.0
4169,212380,17203.0
4170,138493,168485.0
4171,236447,95682.0
4172,161977,54968.0
4173,220157,49929.0
4174,99073,2302.0
4175,116447,32686.0
4176,107474,13889.0
4177,81163,6028.0
4178,31742,51802.0
4179,82912,42148.0
4180,91836,29492.0
4181,96223,25447.0
4182,90213,28410.0
4183,100842,38545.0
4184,39190,19490.0
4185,65687,31151.0
4186,60424,1888.0
4187,57251,38805.0
4188,44685,16618.0
4189,59245,2428.0
4190,53793,22013.0
4191,60086,15598.0
4192,46899,43332.0
4193,113026,62127.0
4194,37800,56137.0
4195,66740,17965.0
4196,59465,29067.0
4197,79781,33250.0
4198,80421,14460.0
4199,99385,17466.0
4200,101764,9594.0
4201,77504,35976.0
4202,68617,4986.0
4203,102005,2453.0
4204,85868,33676.0
4205,100140,4587.0
4206,97880,31004.0
4207,100232,12773.0
4208,127952,125099.0
4209,201776,27859.0
4210,91474,11454.0
4211,100486,38718.0
4212,77413,4192.0
4213,97179,11607.0
4214,88000,14052.0
4215,93857,16889.0
4216,100049,39934.0
4217,118540,26580.0
4218,91860,21309.0
4219,89208,16263.0
4220,71771,4985.0
4221,102517,20704.0
4222,87015,23730.0
4223,215750,853.0
4224,242445,10877.0
4225,205873,5257.0
4226,209144,77.0
4227,250274,20322.0
4228,125022,10833.0
4229,239949,20309.0
4230,120352,125093.0
4231,244970,12658.0
4232,227538,10054.0
4233,246989,10646.0
4234,236784,2575.0
4235,245712,55.0
4236,206187,65075.0
4237,247380,44379.0
4238,164334,2043.0
4239,221027,4133.0
4240,189192,56715.0
4241,266860,10991.0
4242,221889,15940.0
4243,268200,26791.0
4244,260332,44069.0
4245,238588,68894.0
4246,243155,634.0
4247,245686,10956.0
4248,236348,19366.0
4249,246002,136558.0
4250,201485,28308.0
4251,221073,9519.0
4252,255094,13898.0
4253,210149,196280.0
4254,231402,9290.0
4255,240515,13166.0
4256,240402,32590.0
4257,249538,109472.0
4258,251191,153141.0
4259,211492,52654.0
4260,199129,70282.0
4261,116882,47643.0
4262,86250,111.0
4263,55895,32488.0
4265,132245,10477.0
4266,245120,12484.0
4267,203755,2144.0
4268,141907,24113.0
4269,234570,118052.0
4270,209163,1734.0
4271,243889,38047.0
4272,162023,8076.0
4273,240913,4973.0
4274,56937,8095.0
4275,85811,849.0
4276,89504,27223.0
4277,16039,2981.0
4278,25913,39266.0
4279,98524,31863.0
4280,84917,11307.0
4281,62776,46498.0
4282,64940,11163.0
4283,69191,11035.0
4284,60429,18691.0
4285,101912,3784.0
4286,107130,78133.0
4287,58453,22829.0
4288,152015,35717.0
4289,80539,11936.0
4290,101902,25221.0
4291,80319,19494.0
4292,79638,40842.0
4293,90098,19357.0
4294,45464,33743.0
4295,96875,32924.0
4296,66011,9062.0
4297,93713,11174.0
4298,48021,934.0
4299,183790,9476.0
4300,212826,37691.0
4301,260775,115810.0
4302,208911,10613.0
4303,204640,19094.0
4304,256408,14268.0
4305,225071,5852.0
4306,126029,808.0
4307,206742,49453.0
4308,203009,824.0
4309,184819,37558.0
4310,213149,676.0
4311,157411,88727.0
4312,210727,26813.0
4313,206917,29572.0
4314,234407,48109.0
4315,189541,291675.0
4316,77716,50541.0
4317,102343,26255.0
4318,100395,22414.0
4319,46719,43329.0
4320,74254,42233.0
4321,101587,1406.0
4322,95082,13554.0
4323,52902,17664.0
4324,48248,66035.0
4325,54130,41050.0
4326,95647,1632.0
4327,54047,966.0
4328,60897,12639.0
4329,53221,301.0
4330,25746,31527.0
4331,78227,4988.0
4332,94082,12623.0
4333,94142,11896.0
4334,244316,25538.0
4335,81159,17971.0
4336,110631,6498.0
4337,60934,5923.0
4338,41996,15497.0
4339,59885,21876.0
4340,255798,11090.0
4341,161083,14034.0
4342,212815,21056.0
4343,251075,9397.0
4344,244244,9705.0
4345,254099,26475.0
4346,212827,56934.0
4347,234288,29937.0
4348,194530,49922.0
4349,65528,10364.0
4350,116344,32458.0
4351,102685,1089.0
4352,98300,38043.0
4353,86508,9967.0
4354,105699,17494.0
4355,92272,17465.0
4356,45810,759.0
4357,45891,10297.0
4358,51885,29393.0
4359,48605,10653.0
4360,47574,21468.0
4361,84805,9576.0
4362,90770,22323.0
4363,66471,31935.0
4364,120374,126881.0
4365,244709,52616.0
4366,230011,10865.0
4367,146316,1995.0
4368,240462,10808.0
4369,232500,9799.0
4370,212720,644.0
4371,255819,16161.0
4372,250224,10691.0
4373,258038,10615.0
4374,212517,47596.0
4375,228242,21488.0
4376,284067,59733.0
4377,215139,271462.0
4378,203119,11826.0
4379,179473,24470.0
4380,203632,9301.0
4381,243493,11444.0
4382,226648,15564.0
4383,228786,60670.0
4384,246765,55551.0
4385,210217,40880.0
4386,239395,10992.0
4387,271027,2140.0
4388,257106,4248.0
4389,245238,17612.0
4390,249380,3134.0
4391,224578,34899.0
4392,99012,8217.0
4393,94663,22478.0
4394,58953,26483.0
4395,52216,24382.0
4396,82136,11286.0
4397,87032,11950.0
4398,98369,12236.0
4399,58249,36245.0
4400,45699,43342.0
4401,57007,15875.0
4402,59124,26573.0
4403,53925,23439.0
4404,16847,10728.0
4405,15064,5991.0
4406,56217,11697.0
4407,91886,6106.0
4408,93940,22477.0
4409,105378,19200.0
4410,91983,11300.0
4411,59740,16211.0
4412,69372,28650.0
4413,59878,42780.0
4414,57693,32569.0
4415,82163,20075.0
4416,54790,28430.0
4417,82966,28794.0
4418,84788,20197.0
4419,47811,43316.0
4420,46754,34689.0
4421,118734,25690.0
4422,69467,10238.0
4423,53796,18929.0
4424,65777,4789.0
4425,93227,32595.0
4426,48261,18030.0
4427,63227,18988.0
4428,55184,11536.0
4429,49513,10339.0
4430,102690,39875.0
4431,28167,50031.0
4432,51036,976.0
4433,49966,69605.0
4434,59095,65632.0
4435,89716,29471.0
4436,74991,4780.0
4437,76786,11906.0
4438,68767,11713.0
4439,82176,9589.0
4440,67824,12481.0
4441,77594,13333.0
4442,89461,13938.0
4443,82869,10540.0
4444,68935,9462.0
4445,163862,82623.0
4446,173840,2114.0
4447,250494,8835.0
4448,227445,11371.0
4449,262210,78248.0
4450,242193,9517.0
4451,273300,25985.0
4452,227005,15745.0
4453,245280,24977.0
4454,188913,36107.0
4455,120327,113271.0
4456,278475,58904.0
4457,238015,103489.0
4458,109049,13794.0
4459,130445,13795.0
4460,159423,103488.0
4461,182299,73482.0
4462,94593,38965.0
4463,94594,47817.0
4464,94606,31052.0
4465,94608,10868.0
4466,94602,9395.0
4467,96764,14506.0
4468,94667,5333.0
4469,94669,4281.0
4470,94675,2.0
4471,94678,26044.0
4472,94701,59797.0
4473,94712,14911.0
4474,94715,15592.0
4475,94716,15267.0
4476,94739,12710.0
4477,94744,30502.0
4478,94746,19382.0
4479,94747,24679.0
4480,94761,9599.0
4481,94783,94440.0
4482,94799,17170.0
4483,94824,18509.0
4484,94828,11709.0
4485,94846,34604.0
4486,94884,14441.0
4487,94889,7520.0
4488,94894,10126.0
4489,94898,9602.0
4490,94910,23752.0
4491,97125,41952.0
4492,90887,3980.0
4493,94919,10127.0
4494,101627,12702.0
4495,94921,27397.0
4496,94933,9748.0
4497,94961,40095.0
4498,94963,10651.0
4499,95031,10141.0
4500,92929,27362.0
4501,95088,5680.0
4502,95107,26386.0
4503,95119,34053.0
4504,95145,25884.0
4505,95169,26355.0
4506,95174,10675.0
4507,95178,38982.0
4508,95243,10130.0
4509,95253,2617.0
4510,95288,38615.0
4511,95304,21362.0
4512,95326,30690.0
4513,95333,75889.0
4514,95334,38500.0
4515,95360,26723.0
4516,95409,20443.0
4517,95484,49365.0
4518,95488,11347.0
4519,95489,12144.0
4520,95519,13704.0
4521,95532,12505.0
4522,95599,41963.0
4523,95638,13482.0
4524,95654,34014.0
4525,95662,29739.0
4526,95687,12120.0
4527,95736,47818.0
4528,95774,38617.0
4529,95801,3543.0
4530,95853,51321.0
4531,95963,9604.0
4532,95990,24929.0
4533,89907,10925.0
4534,95993,13965.0
4535,84296,24266.0
4536,96003,58434.0
4537,96018,18197.0
4538,96029,70842.0
4539,96030,38909.0
4540,96037,17126.0
4541,96071,11503.0
4542,96087,38558.0
4543,96098,9717.0
4544,96101,11966.0
4545,91949,2605.0
4546,96163,8740.0
4547,96180,25497.0
4548,96193,38560.0
4549,96200,50203.0
4550,96203,26798.0
4551,96241,91445.0
4552,96251,41428.0
4553,96256,8337.0
4554,96280,47493.0
4555,96289,8463.0
4556,96294,41974.0
4557,96316,28176.0
4558,96320,9493.0
4559,96380,26603.0
4560,96425,33172.0
4561,96426,29095.0
4562,96454,12582.0
4563,96486,10001.0
4564,96794,11352.0
4565,88708,12500.0
4566,92548,25678.0
4567,96804,25682.0
4568,96913,17882.0
4569,106393,32049.0
4570,96926,45225.0
4571,96928,1648.0
4572,96933,4105.0
4573,96943,22711.0
4574,96945,19124.0
4575,96976,69828.0
4576,97001,53150.0
4577,97027,10142.0
4578,97044,3064.0
4579,97109,86093.0
4580,97138,10134.0
4581,97142,21291.0
4582,97166,4925.0
4583,97211,30352.0
4584,97236,15142.0
4585,97235,14550.0
4586,97243,32075.0
4587,97257,2210.0
4588,97262,25005.0
4589,85475,21721.0
4590,97276,116014.0
4591,97289,11828.0
4592,97314,55699.0
4593,97328,10551.0
4594,97334,20713.0
4595,97336,27461.0
4596,97435,41969.0
4597,97438,1380.0
4598,96870,19157.0
4599,97457,11465.0
4600,97458,17190.0
4601,97478,55059.0
4602,97481,9085.0
4603,97500,17819.0
4604,97521,46786.0
4605,97531,14776.0
4606,97567,59585.0
4607,97570,32855.0
4608,97579,29185.0
4609,97607,39787.0
4610,97613,32059.0
4611,97626,505.0
4612,97635,4486.0
4613,97637,10345.0
4614,97659,10222.0
4615,97714,12774.0
4616,97722,14621.0
4617,97731,19118.0
4618,97737,14372.0
4619,97758,15138.0
4620,97770,9972.0
4621,97778,9494.0
4622,97790,17362.0
4623,97815,9942.0
4624,97858,8216.0
4625,97883,4296.0
4626,97889,24739.0
4627,97892,39197.0
4628,97965,9686.0
4629,97967,27418.0
4630,97987,39002.0
4631,98022,43345.0
4632,98051,31606.0
4633,98068,27607.0
4634,98073,37146.0
4635,98097,20006.0
4636,98141,8867.0
4637,98180,12663.0
4638,163025,331.0
4639,265029,11467.0
4640,222851,327.0
4641,162346,1548.0
4642,248845,13403.0
4643,133152,869.0
4644,237539,552.0
4645,123948,36095.0
4646,203540,33379.0
4647,261755,196859.0
4648,259442,47574.0
4649,243655,2171.0
4650,98184,87462.0
4651,98188,20307.0
4652,98193,19142.0
4653,98194,41946.0
4654,98206,10135.0
4655,98219,32767.0
4656,98224,56162.0
4657,98230,24254.0
4658,98253,19236.0
4659,98260,32261.0
4660,98261,60276.0
4661,98273,12150.0
4662,98282,11185.0
4663,98308,47045.0
4664,98319,18683.0
4665,98320,12521.0
4666,98343,12478.0
4667,98347,49788.0
4668,98356,31083.0
4669,98385,30666.0
4670,94035,25155.0
4671,98725,65015.0
4672,98436,24077.0
4673,98439,9618.0
4674,98442,16560.0
4675,98471,31608.0
4676,98519,22102.0
4677,98536,6951.0
4678,98546,11959.0
4679,98554,2616.0
4680,98577,7091.0
4681,98621,249.0
4682,98622,11342.0
4683,98663,183.0
4684,98678,32330.0
4685,108517,24126.0
4686,108539,8494.0
4687,56868,26535.0
4688,101465,41784.0
4689,65761,27431.0
4690,87089,2148.0
4691,87130,42033.0
4692,87428,11308.0
4693,116604,23239.0
4694,119512,53119.0
4695,78490,31941.0
4696,83366,19317.0
4697,83624,27813.0
4698,119842,57745.0
4699,218922,2057.0
4700,247638,9880.0
4701,266915,5175.0
4702,262826,21596.0
4703,94868,41951.0
4704,56059,11385.0
4705,77288,4484.0
4706,80489,11684.0
4707,102299,44414.0
4708,60668,44258.0
4709,64782,20391.0
4710,75213,12584.0
4711,108323,70042.0
4712,64285,1627.0
4713,80360,11542.0
4714,80377,17169.0
4715,80402,39176.0
4716,80408,33214.0
4717,80436,19267.0
4718,252866,2770.0
4719,181739,12610.0
4720,230600,1933.0
4721,244000,13496.0
4722,250202,21055.0
4723,250323,24936.0
4724,221559,80070.0
4725,261983,10972.0
4726,262076,207541.0
4727,238112,1722.0
4728,250687,9896.0
4729,168446,26665.0
4731,251141,125707.0
4732,258470,9683.0
4733,256524,2779.0
4734,261392,2294.0
4735,228333,10016.0
4736,234829,26602.0
4737,221799,37920.0
4738,208196,22230.0
4739,233699,206412.0
4740,206926,13966.0
4741,203166,742.0
4742,160710,248757.0
4743,255653,15104.0
4744,263488,8922.0
4745,184791,11065.0
4746,219400,21118.0
4747,155197,46727.0
4748,103596,16314.0
4749,109015,18885.0
4750,112255,40508.0
4751,80907,5922.0
4752,81114,27346.0
4753,92147,34223.0
4754,70917,16307.0
4755,118178,27681.0
4756,246544,11370.0
4757,202470,12508.0
4758,218619,14033.0
4759,269341,25462.0
4760,238066,223346.0
4761,200427,34714.0
4762,259981,47161.0
4763,263957,106230.0
4764,243595,35176.0
4765,242587,18734.0
4766,250809,44321.0
4767,47795,26661.0
4768,13086,5998.0
4769,248912,58062.0
4770,221218,2176.0
4771,180734,20857.0
4772,229340,22617.0
4773,273253,75386.0
4774,246464,2185.0
4775,118589,10696.0
4776,139654,2034.0
4777,243759,21538.0
4778,264476,51722.0
4779,270971,101860.0
4780,255321,48834.0
4781,263728,30379.0
4782,239986,31016.0
4783,264578,32567.0
4784,82416,12537.0
4785,63032,9028.0
4786,70294,16180.0
4787,102316,11521.0
4788,79579,21028.0
4789,71994,27327.0
4790,75132,35200.0
4791,67921,21242.0
4792,53559,29756.0
4793,82770,82523.0
4794,93677,20115.0
4795,58092,30295.0
4796,53877,25767.0
4797,52896,33725.0
4798,51773,22874.0
4799,57193,11576.0
4800,29081,43860.0
4801,33836,43802.0
4802,53143,9660.0
4803,67588,15393.0
4804,55312,248.0
4805,50933,40885.0
4806,59527,25905.0
4807,86352,21148.0
4808,108473,1644.0
4809,86312,12502.0
4810,76172,66092.0
4811,79766,10373.0
4812,91993,13766.0
4813,44207,16380.0
4814,260866,12103.0
4815,252501,11313.0
4816,196229,9398.0
4817,236034,35066.0
4818,245891,45864.0
4819,242994,55372.0
4820,281376,292947.0
4821,206314,10866.0
4822,273799,34549.0
4823,240890,9778.0
4824,265212,34453.0
4825,240419,58429.0
4826,80437,16121.0
4827,80464,40220.0
4828,82100,166.0
4829,58283,42787.0
4830,80474,1623.0
4831,80492,40932.0
4832,80500,32027.0
4833,80516,13550.0
4834,80520,13612.0
4835,80549,16769.0
4836,80556,42158.0
4837,80569,27958.0
4838,82226,86463.0
4839,80603,31703.0
4840,80610,1716.0
4841,80634,27059.0
4842,80641,20681.0
4843,219126,57743.0
4844,219965,3172.0
4845,250310,17708.0
4846,108148,12780.0
4847,243255,570.0
4848,166924,1018.0
4849,206963,25641.0
4850,164917,16767.0
4851,245501,102933.0
4852,166110,11380.0
4853,72732,27396.0
4854,61489,26299.0
4855,66999,984.0
4856,109609,15559.0
4857,67093,14811.0
4858,84043,21741.0
4859,95428,77670.0
4860,87666,55727.0
4861,119682,15560.0
4862,102555,9585.0
4863,72979,14267.0
4864,105601,45929.0
4865,120681,768.0
4866,272020,2100.0
4867,200027,11091.0
4868,263101,3173.0
4869,227277,27092.0
4870,217355,23941.0
4871,246628,18192.0
4872,256103,11845.0
4873,243017,9081.0
4874,272152,167.0
4875,279286,34043.0
4876,245674,9378.0
4877,236019,27444.0
4878,246578,141.0
4879,253126,10034.0
4880,264796,11457.0
4881,243133,10778.0
4882,236000,78657.0
4883,234988,67385.0
4884,278102,151727.0
4885,249478,11456.0
4886,198781,585.0
4887,267804,10796.0
4888,275719,23949.0
4889,252503,11088.0
4890,256380,9889.0
4891,177888,140511.0
4892,246072,133115.0
4893,80130,45964.0
4894,86443,32014.0
4895,290332,13408.0
4896,241527,671.0
4897,245115,17731.0
4898,234354,20794.0
4899,265087,11469.0
4900,253798,14369.0
4901,266987,1535.0
4902,256009,1433.0
4903,247425,1999.0
4904,139951,58098.0
4905,70169,78076.0
4906,72747,87774.0
4907,68168,23847.0
4908,54177,50785.0
4909,82558,12472.0
4910,73233,42258.0
4911,76221,11834.0
4912,62994,16085.0
4913,53717,27405.0
4914,53472,269.0
4915,83630,16441.0
4916,74899,11422.0
4917,76342,31037.0
4918,52415,40739.0
4919,90095,10656.0
4920,35140,32847.0
4921,24264,39938.0
4922,42539,38766.0
4923,35957,43510.0
4924,62673,35284.0
4925,77321,14584.0
4926,209037,58886.0
4927,76299,72277.0
4928,75824,5781.0
4929,84809,23805.0
4930,60437,34388.0
4931,80646,39867.0
4932,80661,11033.0
4933,80671,69716.0
4934,80707,37835.0
4935,80715,33356.0
4936,80716,3537.0
4937,80724,38922.0
4938,80728,27145.0
4939,80736,8738.0
4940,80738,28614.0
4941,80745,3604.0
4942,52564,6974.0
4943,74157,26398.0
4944,75989,42218.0
4945,74483,10649.0
4946,82350,42566.0
4947,76070,17689.0
4948,51755,34084.0
4949,89348,15983.0
4950,85862,14854.0
4951,100054,10847.0
4952,89622,33525.0
4953,76535,27591.0
4954,54135,299.0
4955,93966,31945.0
4956,81568,42160.0
4957,86383,10650.0
4958,159273,8007.0
4959,242252,19076.0
4960,160403,81442.0
4961,282856,50562.0
4962,193560,13503.0
4963,240772,161.0
4964,233841,43774.0
4965,270259,31064.0
4966,50539,31682.0
4967,283509,8342.0
4968,261066,55479.0
4969,37515,4886.0
4970,20697,228.0
4971,87747,23111.0
4972,66195,42597.0
4973,211915,194.0
4974,277371,11397.0
4975,259711,1903.0
4976,280778,11889.0
4977,283431,28171.0
4978,259393,9523.0
4979,265666,9428.0
4980,101452,1649.0
4981,90852,11938.0
4982,52320,43143.0
4983,89283,35201.0
4984,60714,42724.0
4985,88103,24264.0
4986,84684,27150.0
4987,86346,26978.0
4988,94318,19209.0
4989,278488,8386.0
4990,268397,12589.0
4991,279889,12312.0
4992,35423,11232.0
4993,120737,120.0
4994,268995,11086.0
4995,268978,453.0
4996,228687,18939.0
4997,217331,12724.0
4998,51525,11414.0
4999,27532,31507.0
5000,64652,42612.0
5001,36323,18783.0
5002,68612,12593.0
5003,71913,14683.0
5004,63415,10794.0
5005,52182,43136.0
5006,105287,45491.0
5007,58672,5052.0
5008,51201,37257.0
5009,248667,8489.0
5010,265086,855.0
5011,245046,12660.0
5012,86619,10269.0
5013,280707,5279.0
5014,277027,10950.0
5015,285742,1365.0
5016,120824,6440.0
5017,45555,14580.0
5018,104922,49410.0
5019,48527,28296.0
5020,117653,24206.0
5021,74937,6037.0
5022,57490,42987.0
5023,105789,61418.0
5024,242795,27099.0
5025,273923,11857.0
5026,237534,6312.0
5027,99044,11595.0
5028,269746,24166.0
5029,109417,26337.0
5030,93106,59066.0
5031,87682,77985.0
5032,86205,77074.0
5033,100530,10170.0
5034,103129,18317.0
5035,66585,98491.0
5036,77289,26686.0
5037,48312,61934.0
5038,83951,27273.0
5039,82288,848.0
5040,87078,9610.0
5041,85542,15035.0
5042,80752,16127.0
5043,80754,31603.0
5044,80756,32020.0
5045,80771,33155.0
5046,160399,4965.0
5047,240468,11891.0
5048,281373,11888.0
5049,83511,150.0
5050,206608,35263.0
5051,243862,112.0
5052,268696,125717.0
5053,109288,20678.0
5054,85271,15050.0
5055,106770,10423.0
5056,71691,11710.0
5057,57071,17691.0
5058,74626,27378.0
5059,145046,57976.0
5060,66026,651.0
5061,87751,31955.0
5062,60955,20620.0
5063,55257,18647.0
5064,245844,11362.0
5065,265349,2637.0
5066,281358,10229.0
5067,294289,50819.0
5068,276501,12659.0
5069,270933,68149.0
5070,220514,41870.0
5071,220627,35650.0
5072,293416,9606.0
5073,208990,11447.0
5074,250081,16550.0
5075,219405,13915.0
5076,106223,34723.0
5077,97116,31674.0
5078,87233,52744.0
5079,47688,43340.0
5080,240900,20009.0
5081,188453,2084.0
5082,201899,50225.0
5083,295552,74692.0
5084,71266,39775.0
5085,46828,51044.0
5086,101891,29475.0
5087,78122,4267.0
5088,72353,4031.0
5089,82525,47871.0
5090,50781,11594.0
5091,70354,19562.0
5092,265298,11870.0
5093,233469,9884.0
5094,246894,11535.0
5095,265713,27593.0
5096,109190,11212.0
5097,24914,29887.0
5098,27527,32484.0
5099,28988,28345.0
5100,85891,69928.0
5101,86194,21921.0
5102,107985,21845.0
5103,108037,11528.0
5104,103186,2441.0
